,User,Tweet,Date,Compound,Positive Score,Neutral Score,Negative Score,Tweets_Ago
0,@BBCWorld,Separation of migrant families: What other countries do https://t.co/bummTfGy1s,Wed Jun 06 23:38:56 +0000 2018,0.0,0.0,1.0,0.0,0
1,@BBCWorld,Meet the nuns helping save a sacred species from extinction https://t.co/ZnNO70hVWK,Wed Jun 06 23:33:41 +0000 2018,0.6597,0.403,0.597,0.0,1
2,@BBCWorld,G7 summit: Trapped in the world's most secure house https://t.co/vi0xs1ZJP0,Wed Jun 06 23:33:40 +0000 2018,-0.1796,0.191,0.568,0.241,2
3,@BBCWorld,A North Korean wishlist: The three things Pyongyang wants https://t.co/Jhom6dFvdG,Wed Jun 06 23:33:40 +0000 2018,0.0,0.0,1.0,0.0,3
4,@BBCWorld,Ethiopia offers Eritrea chance to end Africa's longest war https://t.co/FJE1bCvTjE,Wed Jun 06 23:17:39 +0000 2018,-0.4404,0.144,0.576,0.281,4
5,@BBCWorld,"Storm over India film on women who 'smoke, drink and have sex' https://t.co/TsbQ2QeEcm",Wed Jun 06 23:12:51 +0000 2018,0.0,0.0,1.0,0.0,5
6,@BBCWorld,The deadly cost of the US air war in Afghanistan https://t.co/83XJGbbxwJ,Wed Jun 06 23:08:13 +0000 2018,-0.5994,0.0,0.719,0.281,6
7,@BBCWorld,Texas man nearly dies after being bitten by severed snake head https://t.co/0eT1E5Po4f,Wed Jun 06 23:08:13 +0000 2018,-0.3612,0.0,0.815,0.185,7
8,@BBCWorld,"Kate Spade's husband: Apparent suicide a ""complete shock"" https://t.co/9tgj8h359d",Wed Jun 06 23:03:19 +0000 2018,-0.7964,0.0,0.458,0.542,8
9,@BBCWorld,Trump accused of not knowing words to God Bless America https://t.co/FOMRl0Ld0w,Wed Jun 06 22:44:33 +0000 2018,0.4019,0.325,0.53,0.146,9
10,@BBCWorld,Backwards commute: Car escapes traffic by driving in reverse https://t.co/R2nutyUeZW,Wed Jun 06 22:10:23 +0000 2018,0.128,0.143,0.857,0.0,10
11,@BBCWorld,Slovakia: Why is a Nato state using Soviet-designed jets? https://t.co/ygICxWiyYI,Wed Jun 06 21:55:16 +0000 2018,0.0,0.0,1.0,0.0,11
12,@BBCWorld,Scores of Ethiopian migrants drown off Yemen's coast https://t.co/KayTYyusIw,Wed Jun 06 21:18:42 +0000 2018,-0.5719,0.0,0.684,0.316,12
13,@BBCWorld,RT @awzurcher: Expanding my thoughts on Trumps discovery of the undervalued power of the pardon. https://t.co/1CoKLdrIw2 https://t.co/dNVYQ‚Ä¶,Wed Jun 06 21:14:50 +0000 2018,0.3182,0.126,0.874,0.0,13
14,@BBCWorld,"The axolotl - an amphibian on the very brink of extinction ‚Äì is believed to have mystical, healing powers.‚Ä¶ https://t.co/ILlZa7w9qC",Wed Jun 06 21:04:07 +0000 2018,0.0,0.0,1.0,0.0,14
15,@BBCWorld,Immigrant detained after delivering pizza to Army base https://t.co/bhI0gWCnNA,Wed Jun 06 20:21:49 +0000 2018,-0.4019,0.0,0.748,0.252,15
16,@BBCWorld,Trump attacks 'vicious' rumours about Melania https://t.co/fJ9ZDOqzAu,Wed Jun 06 19:06:57 +0000 2018,-0.4404,0.0,0.674,0.326,16
17,@BBCWorld,Iraqi parliament orders manual election recount https://t.co/Wup3JOe0lM,Wed Jun 06 18:45:14 +0000 2018,0.0,0.0,1.0,0.0,17
18,@BBCWorld,Giuliani: Kim Jong-un 'begged' for summit to take place https://t.co/LRoc7vsJdx,Wed Jun 06 17:43:51 +0000 2018,0.0,0.0,1.0,0.0,18
19,@BBCWorld,World Cup 2018: Farmer sews 'longest' German flag https://t.co/i9hOJUcODT,Wed Jun 06 17:13:29 +0000 2018,0.0,0.0,1.0,0.0,19
20,@BBCWorld,Jerry Maren: Last Wizard of Oz Munchkin dies aged 98 https://t.co/RoA28fv9Zi,Wed Jun 06 17:03:44 +0000 2018,0.0,0.0,1.0,0.0,20
21,@BBCWorld,Trump grants Kardashian's clemency plea https://t.co/1LsfubcKpy,Wed Jun 06 16:51:30 +0000 2018,0.2263,0.275,0.725,0.0,21
22,@BBCWorld,"RT @BBCBreaking: After a plea from Kim Kardashian, Donald Trump agrees to free great-grandmother jailed for two decades, US media say https‚Ä¶",Wed Jun 06 16:45:54 +0000 2018,0.2263,0.194,0.684,0.122,22
23,@BBCWorld,Myanmar's military accused of violence against Kachin people https://t.co/e8Hc7w2HTy,Wed Jun 06 16:44:17 +0000 2018,-0.743,0.0,0.526,0.474,23
24,@BBCWorld,Mandarin Oriental fire: Video shows smoke at London hotel https://t.co/QpxVMM2Q35,Wed Jun 06 16:03:30 +0000 2018,-0.34,0.0,0.789,0.211,24
25,@BBCWorld,US child migrants: Sessions defends border separations https://t.co/sdhL1fXqaL,Wed Jun 06 15:58:25 +0000 2018,0.0,0.0,1.0,0.0,25
26,@BBCWorld,French My Million lottery player scoops second ‚Ç¨1m jackpot https://t.co/EY4ycKXEOC,Wed Jun 06 15:29:14 +0000 2018,0.0,0.0,1.0,0.0,26
27,@BBCWorld,Belleau Wood: Why this WWI battle is still important in US https://t.co/LX9Wy6uuZx,Wed Jun 06 15:14:01 +0000 2018,-0.2023,0.125,0.694,0.181,27
28,@BBCWorld,Volkswagen admits it can't cope with new emissions tests https://t.co/F9XDn3cgj2,Wed Jun 06 14:54:28 +0000 2018,0.296,0.196,0.804,0.0,28
29,@BBCWorld,"üßü‚Äç‚ôÇÔ∏èüßü‚Äç‚ôÄÔ∏èüßü‚Äç‚ôÇÔ∏èüßü‚Äç‚ôÄÔ∏èüßü‚Äç‚ôÇÔ∏èüßü‚Äç‚ôÄÔ∏èüßü‚Äç‚ôÇÔ∏èüßü‚Äç‚ôÄÔ∏èüßü‚Äç‚ôÇÔ∏èüßü‚Äç‚ôÄÔ∏èüßü‚Äç‚ôÇÔ∏èüßü‚Äç‚ôÄÔ∏èüßü‚Äç‚ôÇÔ∏èüßü‚Äç‚ôÄÔ∏èüßü‚Äç‚ôÇÔ∏èüßü‚Äç‚ôÄÔ∏èüßü‚Äç‚ôÇÔ∏èüßü‚Äç‚ôÄÔ∏èüßü‚Äç‚ôÇÔ∏èüßü‚Äç‚ôÄÔ∏èüßü‚Äç‚ôÇÔ∏èüßü‚Äç‚ôÄÔ∏èüßü‚Äç‚ôÇÔ∏èüßü‚Äç‚ôÄÔ∏èüßü‚Äç‚ôÇÔ∏èüßü‚Äç‚ôÄÔ∏èüßü‚Äç‚ôÇÔ∏èüßü‚Äç‚ôÇÔ∏è

https://t.co/b0KyhE4yFQ",Wed Jun 06 14:28:34 +0000 2018,0.0,0.0,1.0,0.0,29
30,@BBCWorld,"RT @BBCSport: Why have Argentina cancelled their World Cup friendly against Israel?

The situation explained üëâ https://t.co/0KPwDmgp46 http‚Ä¶",Wed Jun 06 14:23:25 +0000 2018,0.296,0.158,0.743,0.099,30
31,@BBCWorld,Pakistan relief after abducted journalist Gul Bukhari is freed https://t.co/8fsrhFR9ky,Wed Jun 06 14:13:09 +0000 2018,0.3612,0.36,0.435,0.205,31
32,@BBCWorld,"üöì US police chase stolen armoured personnel carrier üöì 

https://t.co/Em4XXzkYL5 https://t.co/qnLGBOZOak",Wed Jun 06 14:00:21 +0000 2018,-0.4939,0.0,0.714,0.286,32
33,@BBCWorld,Amazon and eBay pull CloudPets smart toys from sale https://t.co/4saBCNSp4i,Wed Jun 06 13:58:04 +0000 2018,0.5267,0.355,0.645,0.0,33
34,@BBCWorld,"RT @BBCNewsNI: .@PresidentIRL apologises to women who were forced to work in Magdalene Laundries during ""a dark period in the country's his‚Ä¶",Wed Jun 06 13:34:08 +0000 2018,-0.296,0.073,0.806,0.121,34
35,@BBCWorld,"Zdravko Mamic, Croatian football's Mr Big, given jail term https://t.co/AcEIAheY5V",Wed Jun 06 13:23:58 +0000 2018,0.0,0.0,1.0,0.0,35
36,@BBCWorld,RT @BBCNewsGraphics: Women around the world are sidestepping legal barriers to abortion by buying pills online. https://t.co/umDxK1m8gQ htt‚Ä¶,Wed Jun 06 13:11:20 +0000 2018,0.128,0.081,0.919,0.0,36
37,@BBCWorld,Stanford rape case judge Aaron Persky removed from office https://t.co/xz8U6X9Fqj,Wed Jun 06 12:23:35 +0000 2018,-0.6908,0.0,0.657,0.343,37
38,@BBCWorld,Astronaut Pedro Duque named Spain's science minister https://t.co/mloOidh8F6,Wed Jun 06 12:23:33 +0000 2018,0.0,0.0,1.0,0.0,38
39,@BBCWorld,Kim Kardashian West 'cried' over Kanye slavery comments https://t.co/9D3m12dhCU,Wed Jun 06 11:40:55 +0000 2018,-0.7003,0.0,0.625,0.375,39
40,@BBCWorld,Job application tool PageUp suspects data breach https://t.co/qaO0YtUT1E,Wed Jun 06 11:19:31 +0000 2018,-0.34,0.0,0.745,0.255,40
41,@BBCWorld,Emirates airline is testing virtual windows instead of real ones which could pave the way for lighter and faster pl‚Ä¶ https://t.co/Kbpo6Wb9fU,Wed Jun 06 10:53:51 +0000 2018,0.0,0.0,1.0,0.0,41
42,@BBCWorld,Chinese city gets 'smartphone zombie' walkway https://t.co/0Hx7Uu6nhe,Wed Jun 06 10:48:57 +0000 2018,0.0,0.0,1.0,0.0,42
43,@BBCWorld,The Twitter crime mystery that gripped Spain https://t.co/RdYguOvh9O,Wed Jun 06 10:10:45 +0000 2018,-0.5423,0.0,0.667,0.333,43
44,@BBCWorld,Virginia police chase stolen armoured vehicle https://t.co/vgGw8LfxR4,Wed Jun 06 09:37:58 +0000 2018,-0.4939,0.0,0.652,0.348,44
45,@BBCWorld,Emotional 'welcome home' for Magdalene survivors in Dublin https://t.co/QviqzdmJJB,Wed Jun 06 09:28:41 +0000 2018,0.5574,0.397,0.603,0.0,45
46,@BBCWorld,Qatar Airways boss in 'heartfelt apology' for sexist remark https://t.co/CiXCf7HoBv,Wed Jun 06 09:26:15 +0000 2018,0.5719,0.37,0.63,0.0,46
47,@BBCWorld,US police arrest soldier after stolen armoured vehicle chase https://t.co/7b1ACFmIIZ,Wed Jun 06 09:14:26 +0000 2018,-0.6808,0.0,0.588,0.412,47
48,@BBCWorld,India's disabled dancers rocking the bhangra https://t.co/eXsunXbCfY,Wed Jun 06 07:54:34 +0000 2018,0.0,0.0,1.0,0.0,48
49,@BBCWorld,Star Wars actress Kelly Marie Tran deletes Instagram posts after abuse https://t.co/ML9MtaaKmb,Wed Jun 06 07:51:51 +0000 2018,-0.8316,0.0,0.562,0.438,49
50,@BBCWorld,India zoo animals beat the heat with fruit ice lollies https://t.co/t4ARbhOtUB,Wed Jun 06 07:51:51 +0000 2018,0.0,0.0,1.0,0.0,50
51,@BBCWorld,Might Dennis Rodman at the Trump-Kim summit just work? https://t.co/etNtWIzE9n,Wed Jun 06 07:49:23 +0000 2018,0.0,0.0,1.0,0.0,51
52,@BBCWorld,RT @SallyBundockBBC: Should @elonmusk be both CEO and Chairman - is that too much control or necessary for a pioneering company such as #Te‚Ä¶,Wed Jun 06 07:20:42 +0000 2018,0.0,0.0,1.0,0.0,52
53,@BBCWorld,"RT @BBCSteveR: Recent TV interviews with Putin. 

Austrian TV asked about:
Troll factories
MH17 ('Why should we believe you?')
Turning Russ‚Ä¶",Wed Jun 06 06:42:12 +0000 2018,0.0,0.0,1.0,0.0,53
54,@BBCWorld,Facebook confirms data-sharing agreements with Chinese firms https://t.co/BSKv1H67WW,Wed Jun 06 05:39:23 +0000 2018,0.2732,0.231,0.769,0.0,54
55,@BBCWorld,Firemen save chickens from volcano eruption https://t.co/fW4LcsotX6,Wed Jun 06 05:06:38 +0000 2018,0.4939,0.348,0.652,0.0,55
56,@BBCWorld,Kate Spade: Tributes pour in for 'great talent' after apparent suicide https://t.co/fHxT6RbJcp,Wed Jun 06 03:27:49 +0000 2018,0.34,0.338,0.441,0.221,56
57,@BBCWorld,Elizabeth Wettlaufer: Canadian nurse's confession released https://t.co/eZS85X8dGw,Wed Jun 06 03:01:34 +0000 2018,0.0,0.0,1.0,0.0,57
58,@BBCWorld,Tariffs and Trump: Why the G7 summit in Canada could be awkward https://t.co/Z5Zm9Mw0zh,Wed Jun 06 02:37:41 +0000 2018,-0.1531,0.0,0.882,0.118,58
59,@BBCWorld,World Cup 2018: Welcome with a warning for England fans in Volgograd https://t.co/AhrNrGODff,Wed Jun 06 02:35:24 +0000 2018,0.1531,0.195,0.649,0.156,59
60,@BBCWorld,Cultural coding classes for migrants in Norway https://t.co/onEjhOF0wY,Wed Jun 06 02:28:46 +0000 2018,0.0,0.0,1.0,0.0,60
61,@BBCWorld,James Sutherland: Cricket Australia chief executive quits https://t.co/Z7IxQBS61w,Wed Jun 06 02:14:34 +0000 2018,0.0,0.0,1.0,0.0,61
62,@BBCWorld,Trump-Kim summit to be held on Singapore's Sentosa island https://t.co/9wISgHNFVg,Wed Jun 06 02:04:36 +0000 2018,0.0,0.0,1.0,0.0,62
63,@BBCWorld,Pomegranate contamination kills woman in Australia https://t.co/9gaSBSB7DD,Wed Jun 06 01:28:47 +0000 2018,-0.5423,0.0,0.632,0.368,63
64,@BBCWorld,The punk who came back from the dead https://t.co/2gCXzh98fF,Wed Jun 06 01:02:32 +0000 2018,-0.6486,0.0,0.65,0.35,64
65,@BBCWorld,Argentina 'cancels Israel World Cup friendly' after Gaza violence https://t.co/KMsNcPRLcE,Wed Jun 06 00:29:32 +0000 2018,-0.4215,0.198,0.432,0.37,65
66,@BBCWorld,Kim Jong-un: The new kid on the diplomatic block https://t.co/kZ3UUEOE8j,Wed Jun 06 00:24:47 +0000 2018,-0.4404,0.0,0.756,0.244,66
67,@BBCWorld,Kuwait ‚Äòblackface‚Äô comedy show causes outcry https://t.co/tX3jluHeMQ,Wed Jun 06 00:18:30 +0000 2018,-0.2023,0.231,0.463,0.306,67
68,@BBCWorld,Kelly Sadler: Aide who mocked McCain exits White House https://t.co/q8BFv2KM3c,Tue Jun 05 23:56:39 +0000 2018,-0.3182,0.0,0.796,0.204,68
69,@BBCWorld,Take a look inside the world's largest legal cannabis farm https://t.co/RSes7vV1pa,Tue Jun 05 23:56:37 +0000 2018,0.128,0.143,0.857,0.0,69
70,@BBCWorld,Rebuilding after 9/11 https://t.co/TpIUGWmF8d,Tue Jun 05 23:46:58 +0000 2018,0.0,0.0,1.0,0.0,70
71,@BBCWorld,Inside the secret world of Brazil's WhatsApp abortions https://t.co/USIzzxIVGJ,Tue Jun 05 23:42:25 +0000 2018,0.0,0.0,1.0,0.0,71
72,@BBCWorld,Cross-Channel migrants gain access to UK using Ireland https://t.co/GCMf94YhJH,Tue Jun 05 23:17:06 +0000 2018,0.5267,0.298,0.702,0.0,72
73,@BBCWorld,Why Kate Spade's legacy will live on https://t.co/EpADdBNupY,Tue Jun 05 23:07:46 +0000 2018,0.0,0.0,1.0,0.0,73
74,@BBCWorld,Trump tariffs: Mexico retaliates against US products https://t.co/l2Sr05w71t,Tue Jun 05 23:05:18 +0000 2018,0.0,0.0,1.0,0.0,74
75,@BBCWorld,New explosion at Guatemalan volcano https://t.co/loQAEO8ULf,Tue Jun 05 21:54:37 +0000 2018,0.0,0.0,1.0,0.0,75
76,@BBCWorld,RT @BBCBreaking: Evacuations are ordered after a fresh blast at Guatemala's Fuego volcano sends material down the south side https://t.co/6‚Ä¶,Tue Jun 05 21:51:15 +0000 2018,0.3182,0.113,0.887,0.0,76
77,@BBCWorld,French town near Paris votes to have school uniforms https://t.co/NdztCaPSXd,Tue Jun 05 21:44:57 +0000 2018,0.0,0.0,1.0,0.0,77
78,@BBCWorld,"RT @awzurcher: Donald Trump has the Republican rank and file behind him - and that dictates how he handles policy, Robert Mueller and the m‚Ä¶",Tue Jun 05 21:22:09 +0000 2018,0.0,0.0,1.0,0.0,78
79,@BBCWorld,France builds first Alzheimer's 'village' in pioneering experiment https://t.co/kXcivV4gRV,Tue Jun 05 20:51:27 +0000 2018,0.0,0.0,1.0,0.0,79
80,@BBCWorld,The rise of fashion designer Kate Spade reads like a classic American tale of a self-made businesswoman https://t.co/Kh30g7MinE,Tue Jun 05 20:19:13 +0000 2018,0.3612,0.143,0.857,0.0,80
81,@BBCWorld,Kate Spade: High school handbags and the New York City dream https://t.co/jIS4hPfekZ,Tue Jun 05 19:28:07 +0000 2018,0.25,0.154,0.846,0.0,81
82,@BBCWorld,"Finally a prime minister who cleans up his own mess üëè

https://t.co/cHGVw4ypcd https://t.co/ah9ui1gra5",Tue Jun 05 19:17:54 +0000 2018,-0.3612,0.0,0.8,0.2,82
83,@BBCWorld,Jordan's King Abdullah calls for tax review after largest protests in years https://t.co/48HoihSEu3,Tue Jun 05 18:32:39 +0000 2018,-0.2263,0.0,0.863,0.137,83
84,@BBCWorld,Ethiopia 'accepts peace deal' to end Eritrea border war https://t.co/cnAzyywTHJ,Tue Jun 05 18:32:37 +0000 2018,0.2263,0.347,0.419,0.234,84
85,@BBCWorld,Parkland teenager David Hogg 'swatted' in prank call https://t.co/ZidQnFGY63,Tue Jun 05 18:30:19 +0000 2018,0.0,0.0,1.0,0.0,85
86,@BBCWorld,"Tributes paid as fashion designer Kate Spade is found dead in her New York apartment
https://t.co/HLXmsvUF6s",Tue Jun 05 17:52:40 +0000 2018,-0.6486,0.0,0.777,0.223,86
87,@BBCWorld,RT @bbcworldservice: Do asylum seekers from the Middle East and Africa need classes to understand European 'cultural codes' around rape and‚Ä¶,Tue Jun 05 16:52:45 +0000 2018,-0.6908,0.0,0.81,0.19,87
88,@BBCWorld,Fashion designer Kate Spade found dead https://t.co/anKDpXuPoj,Tue Jun 05 16:20:35 +0000 2018,-0.6486,0.0,0.583,0.417,88
89,@BBCWorld,'Beauty iceberg' thrills Newfoundland and Labrador https://t.co/rDNnClfa9o,Tue Jun 05 16:05:15 +0000 2018,0.743,0.558,0.442,0.0,89
90,@BBCWorld,RT @BBCAfrica: An earthquake is coming. #BBCAfricaEye is about to bring you the inside story about @anasglobal's explosive investigation in‚Ä¶,Tue Jun 05 15:01:51 +0000 2018,0.0,0.0,1.0,0.0,90
91,@BBCWorld,Guatemala's Fuego volcano: How the tragedy unfolded https://t.co/EGvkLR8nfd,Tue Jun 05 14:44:17 +0000 2018,-0.6597,0.0,0.614,0.386,91
92,@BBCWorld,"Crocodile kills pastor conducting baptism ceremony near lake in southern Ethiopia

https://t.co/GcfmZGSvma https://t.co/VMIidPqr2g",Tue Jun 05 14:43:49 +0000 2018,-0.5423,0.0,0.774,0.226,92
93,@BBCWorld,"RT @BBCSport: Everyone's been loving Nigeria's kit üî•

Here are the rest of the home shirts each team will be wearing in Russia.

üëâ https://‚Ä¶",Tue Jun 05 14:20:43 +0000 2018,0.5994,0.151,0.849,0.0,93
94,@BBCWorld,Weinstein pleads not guilty to rape charge https://t.co/5AaHFpnem8,Tue Jun 05 14:14:11 +0000 2018,0.7244,0.503,0.497,0.0,94
95,@BBCWorld,Harvey Weinstein arrives at Manhattan Supreme Court where he's expected to plead not guilty to charges of rape and‚Ä¶ https://t.co/87t77LrLX3,Tue Jun 05 13:58:41 +0000 2018,0.2607,0.272,0.562,0.165,95
96,@BBCWorld,Ben Lecomte's bid to be the first to swim the Pacific Ocean https://t.co/JXkflWOYk2,Tue Jun 05 12:58:54 +0000 2018,0.0,0.0,1.0,0.0,96
97,@BBCWorld,Crocodile kills Ethiopian pastor during lake baptism https://t.co/K6seIFU0KL,Tue Jun 05 12:42:41 +0000 2018,-0.5423,0.0,0.667,0.333,97
98,@BBCWorld,Police officer pulls king cobra from minivan in China https://t.co/fhKn3uNWt9,Tue Jun 05 12:37:53 +0000 2018,0.0,0.0,1.0,0.0,98
99,@BBCWorld,Qatar boss: 'Only men can run airlines' https://t.co/RBmiywq59c,Tue Jun 05 12:30:57 +0000 2018,0.0,0.0,1.0,0.0,99
100,@CBSNews,AHEAD on @CBSThisMorning: @Oprah will reveal her newest book club selection https://t.co/Ee4IMvlyWy https://t.co/FMfmVI2FkJ,Tue Jun 05 12:30:35 +0000 2018,0.0,0.0,1.0,0.0,0
101,@CBSNews,"‚ÄúThe first time i started having conversations with people with real dysfunctions, with real family issues, from al‚Ä¶ https://t.co/SeWngFUE7O",Tue Jun 05 12:27:27 +0000 2018,0.0,0.0,1.0,0.0,1
102,@CBSNews,"‚ÄúI just started thinking about this last night, because I am very much a present-moment person‚Ä¶ And I started think‚Ä¶ https://t.co/hCoDkhIjV8",Tue Jun 05 12:25:24 +0000 2018,0.0,0.0,1.0,0.0,2
103,@CBSNews,"Archivists were ""literally were asking for diaries...and the first speeches I wrote when I was 12,‚Äù @Oprah says abo‚Ä¶ https://t.co/iUldXpWTqe",Tue Jun 05 12:23:25 +0000 2018,0.0,0.0,1.0,0.0,3
104,@CBSNews,".@Oprah Winfrey always understood the impact she &amp; her groundbreaking talk show had on the U.S., and that‚Äôs now the‚Ä¶ https://t.co/2dtGZcY8vM",Tue Jun 05 12:21:25 +0000 2018,0.0,0.0,1.0,0.0,4
105,@CBSNews,A hunch from a retired detective helped lead police to a man suspected of shooting six people to death in the Phoen‚Ä¶ https://t.co/ZHrwITSFXL,Tue Jun 05 12:19:47 +0000 2018,-0.7003,0.0,0.756,0.244,5
106,@CBSNews,"‚ÄúTrump is a storyteller, he‚Äôs an entertainer. His whole career has been like this,‚Äù @newtgingrich says ‚ÄúHe should t‚Ä¶ https://t.co/8HwmyJuyZH",Tue Jun 05 12:13:42 +0000 2018,0.6249,0.231,0.769,0.0,6
107,@CBSNews,"RT @CBSThisMorning: ""We have zero evidence that Donald J. Trump, in any way, colluded with Russia... everything he's doing [Mueller] is abo‚Ä¶",Tue Jun 05 12:13:01 +0000 2018,0.0,0.0,1.0,0.0,7
108,@CBSNews,"‚ÄúWhat the president I think wants least -- and I strongly agree with him -- is end up in a room with Mueller, where‚Ä¶ https://t.co/y1ASA27Ebs",Tue Jun 05 12:10:50 +0000 2018,0.5574,0.187,0.813,0.0,8
109,@CBSNews,"‚ÄúHe does, and congress has the absolute right to impeach him,‚Äù @newtgingrich says of President Trump‚Äôs claim that h‚Ä¶ https://t.co/zjoV0PwGpl",Tue Jun 05 12:08:43 +0000 2018,0.0,0.0,1.0,0.0,9
110,@CBSNews,".@newtgingrich is a frequent critic of Mueller's investigation. In his book, ""Trump's America: The Truth About Our‚Ä¶ https://t.co/n7bjbeKzUE",Tue Jun 05 12:05:49 +0000 2018,0.0516,0.119,0.773,0.108,10
111,@CBSNews,Prosecutors working with special counsel Robert Mueller now accuse former Trump campaign chairman Paul Manafort of‚Ä¶ https://t.co/4ZcnocbTCk,Tue Jun 05 12:04:18 +0000 2018,0.2263,0.138,0.769,0.092,11
112,@CBSNews,Feral peacocks are attacking luxury cars after seeing their own reflections https://t.co/XRVJRDaS78 https://t.co/KzoQWp7P7b,Tue Jun 05 11:59:41 +0000 2018,-0.4588,0.0,0.8,0.2,12
113,@CBSNews,Here‚Äôs a look at some of this morning‚Äôs headlines on @CBSThisMorning https://t.co/sVoWN26m8I,Tue Jun 05 11:55:57 +0000 2018,0.0,0.0,1.0,0.0,13
114,@CBSNews,RT @CBSThisMorning: COMING UP: @Oprah joins us in Studio 57 with her latest book club selection. https://t.co/q3tWuiGYum,Tue Jun 05 11:53:38 +0000 2018,0.0,0.0,1.0,0.0,14
115,@CBSNews,A woman's victory over breast cancer could be a blueprint for future life-saving treatment. She was near death when‚Ä¶ https://t.co/sHNYdVKmfA,Tue Jun 05 11:44:04 +0000 2018,-0.8519,0.0,0.658,0.342,15
116,@CBSNews,Commentary: Time for Bill Clinton to go away https://t.co/0tFQHVe2R3 https://t.co/iYOLIf4oNu,Tue Jun 05 11:40:09 +0000 2018,0.0,0.0,1.0,0.0,16
117,@CBSNews,"Howard Schultz, who helped build Starbucks into a global food industry powerhouse, is stepping down as executive ch‚Ä¶ https://t.co/6H0wFrJAUA",Tue Jun 05 11:38:43 +0000 2018,0.0,0.0,1.0,0.0,17
118,@CBSNews,"A new study out this morning reveals sweepstakes, lottery, and prize scams cost Americans millions of dollars each‚Ä¶ https://t.co/Bl5vlAXHQo",Tue Jun 05 11:34:30 +0000 2018,-0.128,0.143,0.693,0.165,18
119,@CBSNews,"Here are three things you should know this morning:
1‚É£Weinstein to enter plea
2‚É£Primary day
3‚É£Incorrect prescriptio‚Ä¶ https://t.co/g50ocn38zu",Tue Jun 05 11:33:33 +0000 2018,0.0,0.0,1.0,0.0,19
120,@CBSNews,Thousands of people displaced by the Guatemala volcano are staying in shelters as they wait for word about their lo‚Ä¶ https://t.co/BzghFUnjRI,Tue Jun 05 11:29:46 +0000 2018,0.0,0.0,1.0,0.0,20
121,@CBSNews,"After a 6-2 win on Monday night, the Washington @Capitals are just one win away from their first-ever Stanley Cup‚Ä¶ https://t.co/SkI4dwKPw5",Tue Jun 05 11:20:01 +0000 2018,0.8225,0.297,0.703,0.0,21
122,@CBSNews,Bill Clinton's 20-year-old impeachment is getting a new public hearing in light of the push against sexual miscondu‚Ä¶ https://t.co/HIWCvO1QZU,Tue Jun 05 11:18:01 +0000 2018,0.0,0.0,1.0,0.0,22
123,@CBSNews,"An Arizona man suspected of shooting six people to death in the Phoenix area, some of whom were connected to his di‚Ä¶ https://t.co/WMZq7hvtVS",Tue Jun 05 11:15:50 +0000 2018,-0.7003,0.0,0.784,0.216,23
124,@CBSNews,"The White House canceled a reception today for Super Bowl champions the Philadelphia Eagles, which fewer than 10 pl‚Ä¶ https://t.co/g0e4nd1BJv",Tue Jun 05 11:14:38 +0000 2018,0.8074,0.3,0.7,0.0,24
125,@CBSNews,RT @CBSThisMorning: Thousands of people displaced by the Guatemala volcano are staying in shelters as they wait for word about their loved‚Ä¶,Tue Jun 05 11:14:17 +0000 2018,0.0,0.0,1.0,0.0,25
126,@CBSNews,Special counsel Robert Mueller claims former Trump campaign chairman Paul Manafort is trying to sway potential witn‚Ä¶ https://t.co/AOlmXPgw0r,Tue Jun 05 11:10:47 +0000 2018,0.4019,0.137,0.863,0.0,26
127,@CBSNews,Lava from Hawaii's Kilauea volcano is once again pouring into the ocean. The cascade into Kapoho Bay is releasing t‚Ä¶ https://t.co/wZyy8aQMmC,Tue Jun 05 11:07:40 +0000 2018,0.0,0.0,1.0,0.0,27
128,@CBSNews,The death toll continues to rise in Guatemala following a devastating volcanic eruption. At least 69 people have be‚Ä¶ https://t.co/FCn78qEIAg,Tue Jun 05 11:05:10 +0000 2018,-0.8481,0.0,0.675,0.325,28
129,@CBSNews,"Eight states are holding primaries on Tuesday, and the outcome will affect the November midterms in a major way. Wh‚Ä¶ https://t.co/e43ggdevKK",Tue Jun 05 10:59:39 +0000 2018,0.0,0.0,1.0,0.0,29
130,@CBSNews,COMING UP: @CBSThisMorning is in Guatemala with the difficult rescue efforts to save people believed to be buried u‚Ä¶ https://t.co/QtaTncBIPc,Tue Jun 05 10:44:30 +0000 2018,0.6124,0.25,0.654,0.096,30
131,@CBSNews,"RT @BojorquezCBS: We are in Guatemala, where more than 3,000 have been forced to evacuate the areas around #Volc√°ndeFuego - coming up on @C‚Ä¶",Tue Jun 05 10:40:04 +0000 2018,-0.4588,0.0,0.88,0.12,31
132,@CBSNews,New York City law firm Milbank is boosting the salary for its first-year associates fresh out of law school to a re‚Ä¶ https://t.co/9lQOQIIsi0,Tue Jun 05 10:39:52 +0000 2018,0.5719,0.19,0.81,0.0,32
133,@CBSNews,Almost 20 pounds of plastic bags and other plastic trash were pulled from the stomach of a pilot whale that died ov‚Ä¶ https://t.co/8tYaXJeLHc,Tue Jun 05 10:19:48 +0000 2018,-0.5574,0.0,0.854,0.146,33
134,@CBSNews,"Trump and his critics on ""lost"" immigration children ‚Äî AP fact check https://t.co/ElDVzxZG6t https://t.co/6sOs3NWvOg",Tue Jun 05 10:03:04 +0000 2018,-0.296,0.0,0.845,0.155,34
135,@CBSNews,Groundbreaking treatment saves life of woman with late-stage breast cancer https://t.co/bojvcVmx93 https://t.co/jMsvPyho59,Tue Jun 05 09:48:04 +0000 2018,-0.6597,0.0,0.714,0.286,35
136,@CBSNews,"American Airlines flight diverts to El Paso, Texas, after hail damage https://t.co/pWy9s0hDNp https://t.co/9903bvIwq0",Tue Jun 05 09:33:03 +0000 2018,-0.4404,0.084,0.71,0.206,36
137,@CBSNews,"Guatemala's Volcano of Fire wipes out entire villages as ash, rocks rain down https://t.co/O27Zu2Zie7 https://t.co/WajfOd9zJr",Tue Jun 05 09:18:04 +0000 2018,-0.34,0.0,0.854,0.146,37
138,@CBSNews,Philippine leader Rodrigo Duterte draws fire for soliciting on-stage kiss https://t.co/I7wJiiTCAo https://t.co/gKdhoXPn0h,Tue Jun 05 09:03:03 +0000 2018,0.1027,0.184,0.658,0.158,38
139,@CBSNews,Authorities ID 3 women found dead in Mass. kidnap suspect's home https://t.co/pocsBngMRn https://t.co/kECer4ax2o,Tue Jun 05 08:48:04 +0000 2018,-0.6486,0.0,0.719,0.281,39
140,@CBSNews,Study finds rare advance in treatment of pancreatic cancer https://t.co/elvN3qNRsz https://t.co/Bv5qoBM9A0,Tue Jun 05 08:33:04 +0000 2018,-0.6597,0.0,0.694,0.306,40
141,@CBSNews,"Man is run down on baseball field, 50 years after killing girl in hit-and-run https://t.co/tBrS2u1ejp https://t.co/6AxRvMBkLj",Tue Jun 05 08:18:06 +0000 2018,-0.6597,0.0,0.773,0.227,41
142,@CBSNews,"5 wounded, including pregnant teen, in shootout at Dallas football game https://t.co/SnVZ1VgSQl https://t.co/CqdvzkSmPv",Tue Jun 05 08:03:05 +0000 2018,0.0,0.0,1.0,0.0,42
143,@CBSNews,Trump disinvites Philadelphia Eagles from White House over anthem dispute https://t.co/36JcMLjMdI https://t.co/jV0CeBfXsY,Tue Jun 05 07:48:04 +0000 2018,-0.4019,0.0,0.803,0.197,43
144,@CBSNews,Partial building collapse in Philadelphia kills contractor https://t.co/L5chwIWa6j https://t.co/lu4fDARm1y,Tue Jun 05 07:33:03 +0000 2018,-0.7717,0.0,0.511,0.489,44
145,@CBSNews,Commentary: Can President Donald Trump pardon himself? Yes https://t.co/hcAA4ebbUe https://t.co/c9HRoLPe8g,Tue Jun 05 07:18:03 +0000 2018,0.6124,0.385,0.615,0.0,45
146,@CBSNews,Ben Rhodes: Trump reverses Obama policies just because they were Obama's https://t.co/ES2uLpkdfg https://t.co/ejn2odXPpW,Tue Jun 05 07:03:04 +0000 2018,0.0,0.0,1.0,0.0,46
147,@CBSNews,Parkland sheriff's deputy who failed to confront shooter breaks his silence https://t.co/xfg3abSLko https://t.co/PPHY8PIXWc,Tue Jun 05 06:48:04 +0000 2018,-0.6124,0.0,0.688,0.312,47
148,@CBSNews,GM executive Mark Reuss crashes pace car at Detroit Grand Prix https://t.co/igDJ5UfGpQ https://t.co/8S0l9C4TzH,Tue Jun 05 06:33:03 +0000 2018,0.4588,0.2,0.8,0.0,48
149,@CBSNews,"Janet Jackson calls police for welfare check on son, who was staying with her ex https://t.co/G29KOpX2xp https://t.co/Z6LAy0hXPW",Tue Jun 05 06:18:04 +0000 2018,0.0,0.0,1.0,0.0,49
150,@CBSNews,At least 6 victims now linked to dead serial killer suspect in Arizona https://t.co/YkiZJXGhlz https://t.co/ozRcqF7c6K,Tue Jun 05 06:03:03 +0000 2018,-0.9201,0.0,0.433,0.567,50
151,@CBSNews,Supreme Court rules in favor of baker in same-sex wedding cake case https://t.co/L5reRhUTH1 https://t.co/noaH8JcraE,Tue Jun 05 05:48:04 +0000 2018,0.743,0.344,0.656,0.0,51
152,@CBSNews,"Milbank law firm salary for first-year associate raised to $190,000 https://t.co/FzawTYaNm3 https://t.co/xZqJO2fy5U",Tue Jun 05 05:33:04 +0000 2018,0.0,0.0,1.0,0.0,52
153,@CBSNews,Jon Stewart defends Samantha Bee after Ivanka Trump comment https://t.co/Pjmaa63guu https://t.co/o3tnYzN3DJ,Tue Jun 05 05:18:04 +0000 2018,0.0,0.0,1.0,0.0,53
154,@CBSNews,Chicago police say 11-year-old boy found dead in home was shot in head https://t.co/LtkTZ5fRkg https://t.co/4zzrbRmpwl,Tue Jun 05 05:03:03 +0000 2018,-0.6486,0.0,0.765,0.235,54
155,@CBSNews,"Guatemala volcano: Death toll climbs as bodies are pulled alive from ash, lava and mud https://t.co/GOeOYfX4vP https://t.co/AgPxpBe68W",Tue Jun 05 04:48:04 +0000 2018,-0.3182,0.121,0.698,0.181,55
156,@CBSNews,Groundbreaking treatment saves life of woman with late-stage breast cancer https://t.co/cUedJTizer https://t.co/Ao0AoUY0EU,Tue Jun 05 04:33:03 +0000 2018,-0.6597,0.0,0.714,0.286,56
157,@CBSNews,"Guatemala's Volcano of Fire wipes out entire villages as ash, rocks rain down https://t.co/EyXQG744yi https://t.co/NiwZEDBZ0O",Tue Jun 05 04:18:04 +0000 2018,-0.34,0.0,0.854,0.146,57
158,@CBSNews,Authorities ID 3 women found dead in Mass. kidnap suspect's home https://t.co/lEEVRKpyqB https://t.co/xTTcegC7BD,Tue Jun 05 04:03:03 +0000 2018,-0.6486,0.0,0.719,0.281,58
159,@CBSNews,Crowd cheers when valedictorian quotes Trump. Then he reveals it was really Obama https://t.co/V5cfdUXi3n https://t.co/ip35QRNRy1,Tue Jun 05 03:48:03 +0000 2018,0.4767,0.181,0.819,0.0,59
160,@CBSNews,"Man is run down on baseball field, 50 years after killing girl in hit-and-run https://t.co/pJThP1eyXJ https://t.co/gI0XIxATAR",Tue Jun 05 03:33:04 +0000 2018,-0.6597,0.0,0.773,0.227,60
161,@CBSNews,Trump disinvites Philadelphia Eagles from White House over anthem dispute https://t.co/Sp4YAuFrv8 https://t.co/KwEvtGEaUy,Tue Jun 05 03:18:04 +0000 2018,-0.4019,0.0,0.803,0.197,61
162,@CBSNews,Commentary: Can President Donald Trump pardon himself? Yes https://t.co/g7agUkQRvj https://t.co/IH1wGR6ZXs,Tue Jun 05 03:03:03 +0000 2018,0.6124,0.385,0.615,0.0,62
163,@CBSNews,"Howard Schultz, who helped build Starbucks into a global food industry powerhouse, is stepping down as executive ch‚Ä¶ https://t.co/bXGF8YFKbW",Tue Jun 05 02:49:36 +0000 2018,0.0,0.0,1.0,0.0,63
164,@CBSNews,Societe Generale plead guilty to charges including bribery and interest rate manipulation. Fines imposed in the U.S‚Ä¶ https://t.co/IdJMptICEh,Tue Jun 05 02:29:31 +0000 2018,-0.5267,0.123,0.533,0.344,64
165,@CBSNews,"On Monday morning, Pres. Trump tweeted that ""it‚Äôs the ‚Äúbest economy &amp; jobs EVER""‚Äî but compared to the postwar boom,‚Ä¶ https://t.co/fQ0OGp3gTU",Tue Jun 05 02:10:01 +0000 2018,0.0,0.0,1.0,0.0,65
166,@CBSNews,"Ronald Reagan would be ""pretty horrified at where we've come to,"" his daughter writes in Washington Post opinion pi‚Ä¶ https://t.co/kIFobhAGHG",Tue Jun 05 01:49:47 +0000 2018,-0.0772,0.13,0.729,0.142,66
167,@CBSNews,"Ben Rhodes served as President Obama's deputy national security advisor. Tonight he told ""Red &amp; Blue"" that ""he woul‚Ä¶ https://t.co/vnX3aZF6NL",Tue Jun 05 01:49:14 +0000 2018,0.34,0.112,0.888,0.0,67
168,@CBSNews,"'Senioritis' usually involves ditching a class or two. Roland Martineau, served in World War II and waited 76 years‚Ä¶ https://t.co/4p6o8heo0y",Tue Jun 05 01:30:08 +0000 2018,-0.5994,0.0,0.822,0.178,68
169,@CBSNews,Authorities in Tennessee are searching for a man accused of savagely murdering his former boss in broad daylight.‚Ä¶ https://t.co/iMsFg495Lm,Tue Jun 05 01:09:32 +0000 2018,-0.8658,0.0,0.607,0.393,69
170,@CBSNews,"""This is not zero tolerance. This is zero humanity."" Senator Jeff Merkley (D-OR) tried to visit an immigration dete‚Ä¶ https://t.co/XQGv24HvIl",Tue Jun 05 00:49:45 +0000 2018,-0.2235,0.0,0.91,0.09,70
171,@CBSNews,"There are over 5,000 Gold Star children in America who have lost a loved one in the military. At the Good Grief Cam‚Ä¶ https://t.co/QoHsyHpxM6",Tue Jun 05 00:30:01 +0000 2018,0.3182,0.217,0.607,0.176,71
172,@CBSNews,A Georgia woman received a 20 year prison sentence for the sexual enslavement of her kindergarten-age daughters for‚Ä¶ https://t.co/br1v5wHwKT,Tue Jun 05 00:09:33 +0000 2018,-0.4588,0.066,0.765,0.168,72
173,@CBSNews,"""It was either me or them"": No charges for Memphis who out-gunned a pair of armed intruders with his AK-47‚Ä¶ https://t.co/HbbtSrlbCC",Mon Jun 04 23:50:01 +0000 2018,-0.5106,0.0,0.807,0.193,73
174,@CBSNews,Texas teen hospitalized for five days after being diagnosed with a life-threatening disease caused by working out t‚Ä¶ https://t.co/VeVm9XM9nC,Mon Jun 04 23:09:46 +0000 2018,0.0,0.0,1.0,0.0,74
175,@CBSNews,Photo of firefighter cradling little girl after car accident goes viral https://t.co/7yWebA9IXy https://t.co/n1Kk8W9Tlb,Mon Jun 04 22:49:56 +0000 2018,-0.4767,0.0,0.795,0.205,75
176,@CBSNews,Societe Generale plead guilty to charges including bribery and interest rate manipulation. Fines imposed in the U.S‚Ä¶ https://t.co/hm7nzdjHEF,Mon Jun 04 22:29:52 +0000 2018,-0.5267,0.123,0.533,0.344,76
177,@CBSNews,"Feral peacocks in Canada are attacking luxury cars after seeing their own reflections. And now, frustrated resident‚Ä¶ https://t.co/oFD8IGqDhH",Mon Jun 04 22:09:44 +0000 2018,-0.7506,0.0,0.714,0.286,77
178,@CBSNews,Dead baby found floating off Florida coast no more than 14 days old https://t.co/zlHLZukvsI https://t.co/HEfjGvW1k9,Mon Jun 04 22:00:02 +0000 2018,-0.7579,0.0,0.667,0.333,78
179,@CBSNews,"Ronald Reagan would be ""pretty horrified at where we've come to,"" his daughter writes in Washington Post opinion pi‚Ä¶ https://t.co/tTyCTbCiHB",Mon Jun 04 21:53:27 +0000 2018,-0.0772,0.13,0.729,0.142,79
180,@CBSNews,"President Trump ""hasn't done anything wrong,"" @PressSec repeatedly says to reporters, as she fields questions durin‚Ä¶ https://t.co/zaD6oH4dTL",Mon Jun 04 21:22:28 +0000 2018,0.0,0.0,1.0,0.0,80
181,@CBSNews,"Howard Schultz, who helped build Starbucks into a global food industry powerhouse, is stepping down as executive ch‚Ä¶ https://t.co/WvYBv290r1",Mon Jun 04 21:00:01 +0000 2018,0.0,0.0,1.0,0.0,81
182,@CBSNews,Facebook under new scrutiny after report says it provided extensive information about its users and their friends t‚Ä¶ https://t.co/wcB9ToziOV,Mon Jun 04 20:45:25 +0000 2018,0.4767,0.147,0.853,0.0,82
183,@CBSNews,"On Monday morning, Pres. Trump tweeted that ""it‚Äôs the ‚Äúbest economy &amp; jobs EVER"" -- but is it actually? Here's a CB‚Ä¶ https://t.co/wFN9M3YJGi",Mon Jun 04 20:14:37 +0000 2018,0.0,0.0,1.0,0.0,83
184,@CBSNews,"White House physician Ronny Jackson is being investigated by Defense Department inspector general, office's spokesm‚Ä¶ https://t.co/CMmC29tz2x",Mon Jun 04 19:59:51 +0000 2018,0.128,0.091,0.909,0.0,84
185,@CBSNews,"On @TheTalkCBS, Sara Gilbert says that canceling ""Roseanne"" was the right decision for ABC; ""it's sad to see it end‚Ä¶ https://t.co/oydOcrXqAZ",Mon Jun 04 19:44:51 +0000 2018,-0.4767,0.0,0.866,0.134,85
186,@CBSNews,It's National Cheese Day. Are you a cheddar or feta lover? Do you prefer gouda or mozzarella? Here are 7 cheesy fac‚Ä¶ https://t.co/CGP5Uslcdu,Mon Jun 04 19:30:09 +0000 2018,0.6322,0.172,0.828,0.0,86
187,@CBSNews,This valedictorian read a Trump quote during his graduation speech and the crowd erupted with applause. Then he int‚Ä¶ https://t.co/YfDYjRbdNe,Mon Jun 04 19:14:35 +0000 2018,0.4215,0.135,0.865,0.0,87
188,@CBSNews,".@PaulaReidCBS on process for granting pardons prior to Trump administration: ""Right now, there's concern that many‚Ä¶ https://t.co/wgqlGIPKPk",Mon Jun 04 19:07:49 +0000 2018,0.5423,0.231,0.769,0.0,88
189,@CBSNews,"Reporter to @PressSec on Trump lawyers' letter to Mueller: ""You literally said he did not dictate [Donald Trump Jr.‚Ä¶ https://t.co/ODYrkECO9p",Mon Jun 04 19:01:09 +0000 2018,0.0,0.0,1.0,0.0,89
190,@CBSNews,"Reporter: ""Does the president believe he is above the law?""
@PressSec: ""Certainly not. The president hasn't done an‚Ä¶ https://t.co/ieGIVYLqPq",Mon Jun 04 18:53:02 +0000 2018,0.34,0.118,0.882,0.0,90
191,@CBSNews,".@PressSec says WH is ""certainly looking into the matter"" after congressional transcripts reveal that aide to EPA's‚Ä¶ https://t.co/VNCBic8JZY",Mon Jun 04 18:51:41 +0000 2018,0.3612,0.179,0.821,0.0,91
192,@CBSNews,"WATCH LIVE: ""Thankfully, the president hasn't done anything wrong, and wouldn't have any need for a pardon,""‚Ä¶ https://t.co/kaYES9c3Xg",Mon Jun 04 18:47:04 +0000 2018,0.3724,0.138,0.862,0.0,92
193,@CBSNews,"Toys ""R"" Us gave out millions in executive bonuses a week before filing bankruptcy, but isn't paying severance to t‚Ä¶ https://t.co/ajPFnxar7j",Mon Jun 04 18:29:56 +0000 2018,0.3182,0.108,0.892,0.0,93
194,@CBSNews,Photo of firefighter cradling little girl after car accident goes viral https://t.co/LVmL2aTfpx https://t.co/vlS4mvofDb,Mon Jun 04 18:15:02 +0000 2018,-0.4767,0.0,0.795,0.205,94
195,@CBSNews,"At least 33 people are confirmed dead in Guatemala volcano eruption, but the toll is expected to rise further, disa‚Ä¶ https://t.co/rTm79INTmW",Mon Jun 04 17:59:36 +0000 2018,-0.3919,0.0,0.883,0.117,95
196,@CBSNews,"MONDAY MOMENT OF ZEN: Miles away from the workweek grind, a mother badger in Montana keeps a close eye on her cub.‚Ä¶ https://t.co/FTCVp19NJI",Mon Jun 04 17:45:13 +0000 2018,0.0,0.0,1.0,0.0,96
197,@CBSNews,Saudi Arabia issues the first driving licenses to 10 women as it prepares to lift the world's only ban on women dri‚Ä¶ https://t.co/AOYsZ3ydX3,Mon Jun 04 17:32:04 +0000 2018,-0.5574,0.0,0.859,0.141,97
198,@CBSNews,"Scott Pruitt asked an EPA aide to track down a used mattress from the Trump Hotel, she says in interview with congr‚Ä¶ https://t.co/nAL2St9Vbg",Mon Jun 04 17:04:45 +0000 2018,0.0,0.0,1.0,0.0,98
199,@CBSNews,"Parkland sheriff's deputy, who was widely criticized for standing outside Stoneman Douglas building as shooting occ‚Ä¶ https://t.co/CLvY7N2msy",Mon Jun 04 16:51:37 +0000 2018,-0.3612,0.0,0.865,0.135,99
200,@CNN,An aide for EPA Administrator Scott Pruitt inquired about purchasing a used mattress for him from the Trump Interna‚Ä¶ https://t.co/dqxE5xuZKE,Mon Jun 04 16:41:00 +0000 2018,0.0,0.0,1.0,0.0,0
201,@CNN,"Janet Jackson called police Saturday over concern for her 1-year-old son, who was found by authorities with his fat‚Ä¶ https://t.co/hfxEFsG1iT",Mon Jun 04 16:33:38 +0000 2018,0.0,0.0,1.0,0.0,1
202,@CNN,Apple CEO Tim Cook will soon take the stage at the company's annual World Wide Developers Conference to preview new‚Ä¶ https://t.co/MJvYoAFp78,Mon Jun 04 16:20:04 +0000 2018,0.0,0.0,1.0,0.0,2
203,@CNN,"""Never give up on your ambition"": Chinese climber Xia Boyu, who lost both legs to frostbite on Everest more than 40‚Ä¶ https://t.co/F65f3x7oDN",Mon Jun 04 16:10:00 +0000 2018,-0.3182,0.0,0.901,0.099,3
204,@CNN,Bill Clinton still doesn't get it on Monica Lewinsky and #MeToo | Analysis by @CillizzaCNN https://t.co/2n2GvKzqsR https://t.co/ngBIhtVg09,Mon Jun 04 16:00:09 +0000 2018,0.0,0.0,1.0,0.0,4
205,@CNN,"Scot Peterson, the school resource officer who has been publicly crucified for his inaction during the Parkland, Fl‚Ä¶ https://t.co/SDu8KI2iyY",Mon Jun 04 15:50:05 +0000 2018,-0.25,0.0,0.9,0.1,5
206,@CNN,Conjoined twins Maria and Consolata Mwakikuti died on Saturday at the age of 21. They were studying education and d‚Ä¶ https://t.co/JvaZBugwrt,Mon Jun 04 15:40:08 +0000 2018,-0.5574,0.0,0.847,0.153,6
207,@CNN,An aide for EPA Administrator Scott Pruitt inquired about purchasing a used mattress for him from the Trump Interna‚Ä¶ https://t.co/nbaHU2z7vN,Mon Jun 04 15:31:58 +0000 2018,0.0,0.0,1.0,0.0,7
208,@CNN,Jimmy Fallon made a surprise appearance at Marjory Stoneman Douglas graduation on Sunday. He offered students a lit‚Ä¶ https://t.co/zq4R1e4PFH,Mon Jun 04 15:19:54 +0000 2018,0.2732,0.116,0.884,0.0,8
209,@CNN,Here‚Äôs how the House farm bill would give billionaires (and their nieces and nephews) lucrative farm subsidies whil‚Ä¶ https://t.co/7qLwCuNU9k,Mon Jun 04 15:06:00 +0000 2018,0.0,0.0,1.0,0.0,9
210,@CNN,"Facebook is defending its practice of sharing users' personal data with dozens of makers of phones and tablets, inc‚Ä¶ https://t.co/IeEG24DwS0",Mon Jun 04 14:55:39 +0000 2018,0.4215,0.128,0.872,0.0,10
211,@CNN,Read the Supreme Court decision in Masterpiece Cakeshop v. Colorado Civil Rights Commission https://t.co/8cZvSlvjix https://t.co/Ys1MBIQbcc,Mon Jun 04 14:44:40 +0000 2018,0.8271,0.372,0.628,0.0,11
212,@CNN,JUST IN: The Supreme Court hands a win to the Colorado baker who refused to design a cake for a same-sex wedding‚Ä¶ https://t.co/8eSypaKAdm,Mon Jun 04 14:35:11 +0000 2018,0.7351,0.278,0.639,0.083,12
213,@CNN,President Trump wants you to know he can pardon himself. But he's not going to -- yet | Analysis by @CillizzaCNN‚Ä¶ https://t.co/p8mGhOcYj2,Mon Jun 04 14:32:51 +0000 2018,0.3182,0.103,0.897,0.0,13
214,@CNN,Supreme Court wipes away lower court ruling that granted undocumented teen access to abortion‚Ä¶ https://t.co/wRy84MG3RE,Mon Jun 04 14:20:07 +0000 2018,0.5267,0.283,0.606,0.111,14
215,@CNN,"Mylan CEO Heather Bresch is the first woman to run a major pharmaceutical company. Her advice? ""Be comfortable bein‚Ä¶ https://t.co/o74KQ56dRk",Mon Jun 04 14:10:12 +0000 2018,0.5106,0.155,0.845,0.0,15
216,@CNN,"President Trump's phone call with French President Emmanuel Macron described as ""bad"" and ""terrible""‚Ä¶ https://t.co/ux6OkeMytw",Mon Jun 04 13:58:19 +0000 2018,0.0,0.0,1.0,0.0,16
217,@CNN,"Microsoft is buying GitHub, a coding platform that's hugely popular among software developers, for $7.5 billion‚Ä¶ https://t.co/1VM3sLoZdf",Mon Jun 04 13:50:06 +0000 2018,0.4754,0.171,0.829,0.0,17
218,@CNN,"Vermont will pay you up to $10,000 to move there https://t.co/CYoUjiSnnE https://t.co/DyiY0LUpJY",Mon Jun 04 13:40:10 +0000 2018,-0.1027,0.0,0.887,0.113,18
219,@CNN,Guatemala‚Äôs Fuego volcano spewed thick clouds of smoke nearly six miles into the air on Sunday. A hiker captured th‚Ä¶ https://t.co/nsEC3gc19t,Mon Jun 04 13:35:59 +0000 2018,0.0,0.0,1.0,0.0,19
220,@CNN,"""It seems, Mr. Mayor, the biggest failure in recollection was the recollection to actually tell the truth"":‚Ä¶ https://t.co/02RsEgydqi",Mon Jun 04 13:24:20 +0000 2018,-0.5106,0.0,0.837,0.163,20
221,@CNN,"President Trump says he has the ""absolute right to pardon myself"" https://t.co/BDyOu9CnXX https://t.co/bFcvbd3ar6",Mon Jun 04 13:09:50 +0000 2018,0.3182,0.161,0.839,0.0,21
222,@CNN,A short-fin male pilot whale has died in Southern Thailand after ingesting more than 17 lbs of plastic bags and pac‚Ä¶ https://t.co/VpIMugjAq4,Mon Jun 04 13:04:08 +0000 2018,-0.5574,0.0,0.847,0.153,22
223,@CNN,A forensic psychiatrist and two paralegals were killed in the Phoenix-Scottsdale area in two shootings that occurre‚Ä¶ https://t.co/Op197QJYss,Mon Jun 04 12:55:39 +0000 2018,-0.6705,0.0,0.78,0.22,23
224,@CNN,"Former President Bill Clinton says he never reached out to Monica Lewinsky following the scandal.

""No, I do not --‚Ä¶ https://t.co/1w3MOr1F24",Mon Jun 04 12:44:10 +0000 2018,-0.4932,0.0,0.811,0.189,24
225,@CNN,Apple is expected to launch an exciting new iPhone feature to address a problem it helped create: phone addiction.‚Ä¶ https://t.co/UxPNoWJXtp,Mon Jun 04 12:25:03 +0000 2018,0.3818,0.221,0.667,0.113,25
226,@CNN,"At least 48 people died after a boat carrying around 180 migrants sank off the coast of Tunisia late Saturday, acco‚Ä¶ https://t.co/tM44eFB0aA",Mon Jun 04 12:13:33 +0000 2018,-0.5574,0.0,0.847,0.153,26
227,@CNN,Passengers are still turning away from Southwest Airlines following the fatal accident in April when a passenger wa‚Ä¶ https://t.co/WidKMZ1JU6,Mon Jun 04 12:01:38 +0000 2018,-0.765,0.0,0.708,0.292,27
228,@CNN,First lady Melania Trump is expected to attend an official White House event today for the first time since May 10‚Ä¶ https://t.co/ipDaEAWUsX,Mon Jun 04 11:50:05 +0000 2018,0.0,0.0,1.0,0.0,28
229,@CNN,At least 7 people were killed by an attack on a meeting of several thousand Islamic scholars in Afghanistan who wer‚Ä¶ https://t.co/iUfengkbET,Mon Jun 04 11:40:10 +0000 2018,-0.8225,0.0,0.703,0.297,29
230,@CNN,Facebook is defending its practice of sharing users' personal data with dozens of makers of phones and tablets incl‚Ä¶ https://t.co/ey8MOva4Jv,Mon Jun 04 11:31:22 +0000 2018,0.4215,0.128,0.872,0.0,30
231,@CNN,"A magnitude 5.5 earthquake shook the Kilauea summit on Sunday afternoon, resulting in an ash plume that reached up‚Ä¶ https://t.co/R2zrmtVle4",Mon Jun 04 11:20:08 +0000 2018,0.0,0.071,0.859,0.071,31
232,@CNN,Trump's trade moves create midterm headache for Republicans https://t.co/nNDxQuHpIk https://t.co/llz9mhSBXV,Mon Jun 04 11:10:06 +0000 2018,0.2732,0.189,0.811,0.0,32
233,@CNN,"5 things for Monday:

- Tariffs
- Jordan protests
- Volcanoes
- Facebook
- Breast cancer

https://t.co/nrnz4OTRBm https://t.co/fLUSz6k3M9",Mon Jun 04 11:00:12 +0000 2018,-0.743,0.0,0.613,0.387,33
234,@CNN,House farm bill seeks to restrict food stamp benefits while allowing subsidies for billionaires‚Ä¶ https://t.co/8txFqZIFPh,Mon Jun 04 10:50:07 +0000 2018,0.0,0.143,0.714,0.143,34
235,@CNN,Trump's above-the-law presidency | Analysis by @StCollinson https://t.co/AcDJ1c2DnS https://t.co/txhTaxG0Wa,Mon Jun 04 10:40:03 +0000 2018,0.0,0.0,1.0,0.0,35
236,@CNN,Take one of the first rides on London's new subway line -- the biggest engineering project in Europe‚Ä¶ https://t.co/1zx9NKxjy9,Mon Jun 04 10:32:00 +0000 2018,0.0,0.0,1.0,0.0,36
237,@CNN,"Former New Jersey Gov. Chris Christie knocks the claim from Trump's legal team that, by nature of his office, the P‚Ä¶ https://t.co/SjCgGDviZt",Mon Jun 04 10:24:04 +0000 2018,0.128,0.067,0.933,0.0,37
238,@CNN,"Trump could have 'shot James Comey' and not faced prosecution for it while in office, Rudy Giuliani tells HuffPost‚Ä¶ https://t.co/r3OR3AzN3Z",Mon Jun 04 10:10:48 +0000 2018,0.3875,0.122,0.878,0.0,38
239,@CNN,Former President Bill Clinton says an impeachment process over the Russia probe would be underway if a Democrat wer‚Ä¶ https://t.co/7pwwFSgrIs,Mon Jun 04 10:01:19 +0000 2018,0.0,0.0,1.0,0.0,39
240,@CNN,Facebook is under fire for sharing information about its users with dozens of smartphone and tablet makers https://t.co/hNupeUP8k8,Mon Jun 04 09:50:25 +0000 2018,0.1027,0.132,0.755,0.113,40
241,@CNN,Melania Trump is expected to attend an official White House event today for the first time since May 10 -- but it's‚Ä¶ https://t.co/nMJ28d0CBs,Mon Jun 04 09:43:20 +0000 2018,0.0,0.0,1.0,0.0,41
242,@CNN,This FBI agent dropped his gun during a dance-floor backflip and accidentally shot someone https://t.co/9If4gkMQ4J https://t.co/QMFDgsfmMw,Mon Jun 04 09:36:11 +0000 2018,-0.5859,0.0,0.73,0.27,42
243,@CNN,Benedict Cumberbatch doesn't just play a superhero in the movies https://t.co/daYpQHGma0,Mon Jun 04 09:29:01 +0000 2018,-0.2584,0.0,0.816,0.184,43
244,@CNN,Among the six common triggers for disgust are poor hygiene and animals that bring disease. This response helps warn‚Ä¶ https://t.co/k3KBKqPedS,Mon Jun 04 09:19:25 +0000 2018,-0.6597,0.098,0.639,0.263,44
245,@CNN,"An earthquake hit the Kilauea summit, sending ash plumes up to 8,000 feet. The Hawaii Civil Defense Agency said the‚Ä¶ https://t.co/9wSPcCrvKv",Mon Jun 04 09:08:09 +0000 2018,0.128,0.07,0.93,0.0,45
246,@CNN,"Philippines President Duterte kissed a woman on the lips during a meet and greet, in what one critic described as a‚Ä¶ https://t.co/zIO3mzgJUo",Mon Jun 04 08:44:02 +0000 2018,0.4215,0.204,0.708,0.088,46
247,@CNN,Orange lipstick under eyes. Gun control messages on tassels and caps. Here's how Parkland students and teachers sil‚Ä¶ https://t.co/eQC3yu8zY9,Mon Jun 04 08:27:45 +0000 2018,-0.34,0.0,0.882,0.118,47
248,@CNN,"A magnitude 5.5 earthquake shook the Kilauea summit, resulting in an ash plume that reached up to 8,000 feet, accor‚Ä¶ https://t.co/Jc4bFslWqm",Mon Jun 04 08:05:06 +0000 2018,0.0,0.067,0.865,0.067,48
249,@CNN,A Catholic school told its valedictorian his speech was too political. So he gave it outside on a bullhorn.‚Ä¶ https://t.co/zELbebUw6J,Mon Jun 04 08:00:18 +0000 2018,0.0,0.0,1.0,0.0,49
250,@CNN,"Feeling disgust helps us stay healthy, study says https://t.co/xIozPPv5q2 https://t.co/HDBisofJov",Mon Jun 04 07:55:04 +0000 2018,0.2263,0.407,0.359,0.234,50
251,@CNN,This Tennessee lawmaker says pornography is a 'root cause' of school shootings https://t.co/YBTVwfo7tz https://t.co/b3iLmBKfXj,Mon Jun 04 07:45:03 +0000 2018,0.0,0.0,1.0,0.0,51
252,@CNN,A new study has confirmed what we've long expected: Facebook is no longer the most popular social media site among‚Ä¶ https://t.co/NnngXxDcJ5,Mon Jun 04 07:30:10 +0000 2018,0.2247,0.133,0.773,0.094,52
253,@CNN,North Korea's top three military officials have been replaced ahead of an historic summit between leader Kim Jong U‚Ä¶ https://t.co/RU7rlPiORH,Mon Jun 04 07:16:05 +0000 2018,0.2023,0.087,0.913,0.0,53
254,@CNN,NFL star JJ Watt has been awarded an honorary doctorate degree for raising over $37 million to help with recovery e‚Ä¶ https://t.co/DjmEa75MEE,Mon Jun 04 07:15:07 +0000 2018,0.8602,0.369,0.631,0.0,54
255,@CNN,The Justice Department has spent roughly $17 million investigating Russian meddling in the presidential election si‚Ä¶ https://t.co/7yYrYvoYcZ,Mon Jun 04 07:00:08 +0000 2018,0.5267,0.175,0.825,0.0,55
256,@CNN,A teacher in Georgia responded the only way she knew how after receiving a letter from President Trump filled with‚Ä¶ https://t.co/NV4Th1abyh,Mon Jun 04 06:45:05 +0000 2018,0.0,0.0,1.0,0.0,56
257,@CNN,"Trump could have 'shot James Comey' and not faced prosecution for it while in office, Rudy Giuliani tells HuffPost‚Ä¶ https://t.co/cGXGxO40Bo",Mon Jun 04 06:33:05 +0000 2018,0.3875,0.122,0.878,0.0,57
258,@CNN,"Vermont has a new law that will pay workers $10,000 to move there and work remotely https://t.co/PYY8JJzn6o https://t.co/aAweqoyywe",Mon Jun 04 06:30:05 +0000 2018,-0.1027,0.0,0.92,0.08,58
259,@CNN,"Guatemala's Fuego volcano has erupted for the second time this year, leaving at least 25 people dead and 20 injured‚Ä¶ https://t.co/KIR6CDLvld",Mon Jun 04 06:16:04 +0000 2018,-0.6486,0.0,0.823,0.177,59
260,@CNN,One million people in France quit smoking last year https://t.co/VGXMPuJQLV https://t.co/Xsm0bDgiBw,Mon Jun 04 06:15:04 +0000 2018,0.0,0.0,1.0,0.0,60
261,@CNN,"If you're in your mid-40s and haven't had your colon checked, it might be time. The American Cancer Society says co‚Ä¶ https://t.co/rK4ixQjEXD",Mon Jun 04 06:00:11 +0000 2018,-0.6597,0.0,0.827,0.173,61
262,@CNN,A man went to a salon and learned to do his wife's hair after she suffered a stroke and was unable to style it hers‚Ä¶ https://t.co/6pP88kkB67,Mon Jun 04 05:45:23 +0000 2018,-0.4939,0.0,0.873,0.127,62
263,@CNN,The father of a young child dramatically rescued from a Paris balcony by a young Malian migrant was out playing Pok‚Ä¶ https://t.co/pTcOXPS1hz,Mon Jun 04 05:30:06 +0000 2018,0.5574,0.213,0.787,0.0,63
264,@CNN,Joe Hagin is President Trump's man with the Singapore plan https://t.co/TgVnvL5QcM https://t.co/VNzSCFZptA,Mon Jun 04 05:15:07 +0000 2018,0.0,0.0,1.0,0.0,64
265,@CNN,"Sea level rise is pushing coastal property owners to move to higher ground, writes Terry L. Anderson for‚Ä¶ https://t.co/vDigAGvYbM",Mon Jun 04 05:00:09 +0000 2018,0.0,0.0,1.0,0.0,65
266,@CNN,"Syrian President to meet Kim Jong Un in North Korea, report says https://t.co/4trdA6QkAX https://t.co/2ImMsvITzm",Mon Jun 04 04:45:06 +0000 2018,0.0,0.0,1.0,0.0,66
267,@CNN,Hundreds protest in Jordan against austerity measures https://t.co/ckfH8vSjyA https://t.co/IXU0mVl728,Mon Jun 04 04:30:09 +0000 2018,-0.25,0.0,0.8,0.2,67
268,@CNN,Whale dies in Thailand after eating more than 17 lbs of plastic https://t.co/XP5IoxPNFN https://t.co/F5psLTMAfv,Mon Jun 04 04:15:05 +0000 2018,0.0,0.0,1.0,0.0,68
269,@CNN,"Many women with common breast cancer can safely skip chemo, study says https://t.co/jUoA1gxXgW https://t.co/WVqCL7cEJl",Mon Jun 04 04:00:14 +0000 2018,-0.296,0.163,0.612,0.224,69
270,@CNN,"President Trump, you may be the skunk at the G7 party, writes Samantha Vinograd for @CNNOpinion‚Ä¶ https://t.co/iMwAe4ECHG",Mon Jun 04 03:45:09 +0000 2018,0.4019,0.144,0.856,0.0,70
271,@CNN,Why I am forgiving John McCain https://t.co/LLm4Xzy3Rx (via @CNNOpinion) https://t.co/xYWkZVyxpg,Mon Jun 04 03:30:05 +0000 2018,0.4404,0.266,0.734,0.0,71
272,@CNN,"Fiji made it four wins on the bounce in the Sevens World Series, overcoming South Africa 21-17 in a tight encounter‚Ä¶ https://t.co/6eK6aIWpiO",Mon Jun 04 03:15:04 +0000 2018,0.5719,0.156,0.844,0.0,72
273,@CNN,"Saudi Arabia ""temporarily"" frees activists who want women to be able to drive https://t.co/BEijDmYo8i https://t.co/uAwY1ImH3q",Mon Jun 04 03:00:15 +0000 2018,0.3612,0.212,0.788,0.0,73
274,@CNN,The Scott Pruitt spending scandals keep coming https://t.co/GlakGHUBUQ https://t.co/kq3REebmC4,Mon Jun 04 02:45:07 +0000 2018,-0.4939,0.0,0.714,0.286,74
275,@CNN,China warns US against imposing tariffs https://t.co/fa8xSlbYTP https://t.co/G8gYwARIJQ,Mon Jun 04 02:30:10 +0000 2018,-0.2023,0.0,0.682,0.318,75
276,@CNN,Former US Attorney Preet Bharara says President Trump's political allies are clearly receiving a message from his p‚Ä¶ https://t.co/w0ckxhDKDi,Mon Jun 04 02:15:06 +0000 2018,0.4019,0.137,0.863,0.0,76
277,@CNN,Disney embraces $15 minimum wage in negotiations with workers https://t.co/5YKaVxqJ2u https://t.co/0n7XSHDfKn,Mon Jun 04 02:00:12 +0000 2018,0.0,0.0,1.0,0.0,77
278,@CNN,French Open marathon man Alexander Zverev makes first grand slam quarterfinal https://t.co/yAQeSZGiUa https://t.co/eg9WmcksBh,Mon Jun 04 01:45:05 +0000 2018,0.1027,0.181,0.663,0.157,78
279,@CNN,"""Her only weapon was her medical vest."" Palestinians mourn the death of a nurse killed by Israeli forces.‚Ä¶ https://t.co/ppQdV22e5L",Mon Jun 04 01:30:13 +0000 2018,-0.9246,0.0,0.511,0.489,79
280,@CNN,Actor Benedict Cumberbatch saves cyclist from muggers https://t.co/D0zALzFoCY https://t.co/hnQTowlGH9,Mon Jun 04 01:15:12 +0000 2018,0.0,0.0,1.0,0.0,80
281,@CNN,"Former New Jersey Gov. Chris Christie says it's an ""outrageous claim"" that President Trump can't obstruct justice‚Ä¶ https://t.co/A1Xlidjyzk",Mon Jun 04 01:00:10 +0000 2018,-0.4588,0.0,0.85,0.15,81
282,@CNN,"Nearly 100 women suffered under dancing doctor's scalpel, lawyer says https://t.co/JKCekjz8bw https://t.co/4q69tZuiu1",Mon Jun 04 00:45:10 +0000 2018,-0.4939,0.0,0.775,0.225,82
283,@CNN,"When he was a kid, Richard Jenkins raised his hand in class so often bullies started calling him ""Harvard.""

Now, a‚Ä¶ https://t.co/okoYkkhJdn",Mon Jun 04 00:30:03 +0000 2018,0.4939,0.138,0.862,0.0,83
284,@CNN,Author Germaine Greer's dangerous ideas about rape https://t.co/cPrlwOCoPW (via @CNNOpinion) https://t.co/3vhDQGV5GJ,Mon Jun 04 00:15:07 +0000 2018,-0.8316,0.0,0.536,0.464,84
285,@CNN,"Sen. Bob Corker says GOP senators are working on plan to ""push back"" on Trump policy https://t.co/fx2wMRSMWZ https://t.co/xRiqlqwL7C",Mon Jun 04 00:00:09 +0000 2018,0.0,0.0,1.0,0.0,85
286,@CNN,"President Trump says Senate Democrats are ""resisting the will"" of voters https://t.co/E4qbFMRLPe https://t.co/7QE2uCdt7R",Sun Jun 03 23:45:02 +0000 2018,0.0,0.0,1.0,0.0,86
287,@CNN,This FBI agent lost his gun during a dance-floor backflip and accidentally shot a bar patron https://t.co/ICK3IAFrgs https://t.co/cTfVCE5v9m,Sun Jun 03 23:30:50 +0000 2018,-0.7269,0.0,0.647,0.353,87
288,@CNN,"Gaza militants fire rockets towards Israel, and Israel Defense Forces responds with airstrikes‚Ä¶ https://t.co/jStVpnYZly",Sun Jun 03 23:15:08 +0000 2018,-0.2263,0.094,0.755,0.151,88
289,@CNN,Dog dies during Delta Air Lines layover in Michigan https://t.co/vmHsRHK4xU https://t.co/QdyLmeQ0u0,Sun Jun 03 23:00:04 +0000 2018,0.0,0.0,1.0,0.0,89
290,@CNN,Is President Trump giving North Korea a pass on nukes? https://t.co/4jzsC63v3e (via @CNNOpinion) https://t.co/8FRCEkoVAh,Sun Jun 03 22:45:04 +0000 2018,0.34,0.167,0.833,0.0,90
291,@CNN,Ben Maher takes St Tropez Global Champions Tour title https://t.co/ELTEABvr3E https://t.co/0oCYM8Zxfq,Sun Jun 03 22:30:09 +0000 2018,0.5267,0.254,0.746,0.0,91
292,@CNN,"No sanctions relief without steps to denuclearize, US Defense Secretary James Mattis tells North Korea‚Ä¶ https://t.co/IVl6Za5v2Z",Sun Jun 03 22:15:05 +0000 2018,0.34,0.232,0.657,0.111,92
293,@CNN,Former President Bill Clinton says an impeachment process over the Russia probe would be underway if a Democrat wer‚Ä¶ https://t.co/znmtIDv8nr,Sun Jun 03 22:00:10 +0000 2018,0.0,0.0,1.0,0.0,93
294,@CNN,Silent forms of protest make bold statements at Parkland graduation https://t.co/nM71NgD7PO https://t.co/HIUt6o4qaA,Sun Jun 03 21:52:05 +0000 2018,0.1531,0.178,0.685,0.137,94
295,@CNN,Kansas Republican gubernatorial candidate Kris Kobach criticized for riding in a parade with a replica gun‚Ä¶ https://t.co/jcbwKUMOJa,Sun Jun 03 21:45:06 +0000 2018,-0.3612,0.0,0.848,0.152,95
296,@CNN,Jimmy Fallon crashes Marjory Stoneman Douglas graduation https://t.co/hOq6DiF2Fu https://t.co/hDqlcJtxJt,Sun Jun 03 21:30:13 +0000 2018,0.0,0.0,1.0,0.0,96
297,@CNN,"Thousands of acres ablaze in California, Colorado and New Mexico https://t.co/6nNgmuzJiS https://t.co/tQ0yCa6GoF",Sun Jun 03 21:15:03 +0000 2018,0.0,0.0,1.0,0.0,97
298,@CNN,"President Trump's lawyer, Rudy Giuliani, says Trump shouldn't testify because ""our recollections keep changing""‚Ä¶ https://t.co/mxFcjU5YD3",Sun Jun 03 21:00:07 +0000 2018,0.0,0.0,1.0,0.0,98
299,@CNN,A solemn graduation for Marjory Stoneman Douglas seniors https://t.co/NqcmGRbxFc https://t.co/pJlnA5slXv,Sun Jun 03 20:45:12 +0000 2018,-0.0772,0.0,0.86,0.14,99
300,@FoxNews,"Jonathan Wachtel: ""The nuclear arsenal that Kim Jong Un has now is his life insurance."" https://t.co/PZcpa5sWSO https://t.co/w9jziej6ct",Sun Jun 03 20:38:33 +0000 2018,0.0,0.0,1.0,0.0,0
301,@FoxNews,Prostitutes and British tourists in violent clashes at notorious party resort in Spain https://t.co/wvZY80yD3o,Sun Jun 03 20:36:40 +0000 2018,-0.6249,0.132,0.537,0.332,1
302,@FoxNews,Suspect arrested after gunfire heard near San Diego marathon; police say no ongoing threat https://t.co/osWYIuwc6H https://t.co/cAYUcCVzhM,Sun Jun 03 20:25:30 +0000 2018,-0.872,0.0,0.524,0.476,2
303,@FoxNews,"Despite drop-ins by Alec Baldwin, Robert De Niro, Mississippi election season sees unexpected star: civility https://t.co/Dwg6cI0ReS",Sun Jun 03 20:16:38 +0000 2018,0.0,0.0,1.0,0.0,3
304,@FoxNews,".@DineshDSouza: ""My favorite term is the 'double jeopardy loophole' - so this basic Constitutional protection, Ed,‚Ä¶ https://t.co/mvQ27GnIkG",Sun Jun 03 20:05:17 +0000 2018,-0.0258,0.149,0.697,0.154,4
305,@FoxNews,BREAKING: Suspect arrested after shots heard near finish line of San Diego marathon https://t.co/iNx7E3VwAY,Sun Jun 03 19:53:57 +0000 2018,-0.6486,0.0,0.694,0.306,5
306,@FoxNews,Maine police rescue a dozen ducklings from sewer grate https://t.co/mHTl5sJj1x,Sun Jun 03 19:44:00 +0000 2018,0.5106,0.292,0.708,0.0,6
307,@FoxNews,"Remains of 8 veterans, long unclaimed, buried in San Antonio  https://t.co/1K6hmW1iaP",Sun Jun 03 19:38:00 +0000 2018,0.0,0.0,1.0,0.0,7
308,@FoxNews,"Many breast cancer patients can skip chemo, big study finds https://t.co/Ybfe9SItCf",Sun Jun 03 19:31:06 +0000 2018,-0.6597,0.0,0.694,0.306,8
309,@FoxNews,"Dallas woman says she killed husband for beating their pet cat, cops say https://t.co/ifDwufNs4s",Sun Jun 03 19:27:00 +0000 2018,-0.8176,0.0,0.615,0.385,9
310,@FoxNews,"Peter Navarro: ""No president has fought the war on poverty better than Donald J. Trump."" https://t.co/ANE9uICCZl",Sun Jun 03 19:21:00 +0000 2018,-0.8316,0.113,0.43,0.457,10
311,@FoxNews,San Diego marathon scare: Gunfire reported from rooftop overlooking race https://t.co/iNx7E3VwAY,Sun Jun 03 19:15:01 +0000 2018,-0.4939,0.0,0.758,0.242,11
312,@FoxNews,"On ""Justice,"" @RealCandaceO told @JudgeJeanine how difficult it is to be a conservative on campus today.‚Ä¶ https://t.co/OmHTQgUTpk",Sun Jun 03 19:15:00 +0000 2018,-0.3612,0.0,0.857,0.143,12
313,@FoxNews,Police hunt murder suspect in Connecticut mom's killing https://t.co/ERPKCcBc3d,Sun Jun 03 19:10:25 +0000 2018,-0.9062,0.0,0.347,0.653,13
314,@FoxNews,".@brithume on NK summit: ""I think the president's seeming eagerness for all of this to go forward is a little troub‚Ä¶ https://t.co/BQgWhWVAIc",Sun Jun 03 19:04:06 +0000 2018,0.4019,0.119,0.881,0.0,14
315,@FoxNews,".@larry_kudlow: ""In the world trade game, rule breaking is all over the place. That's why I think that the presiden‚Ä¶ https://t.co/O08Fq0HcML",Sun Jun 03 19:00:21 +0000 2018,0.0,0.0,1.0,0.0,15
316,@FoxNews,May jobs report. #FoxNewsSunday https://t.co/XIIaQOe6FA,Sun Jun 03 18:59:20 +0000 2018,0.0,0.0,1.0,0.0,16
317,@FoxNews,".@larry_kudlow on tariffs: ""The NAFTA talks haven't broken down. We're still having those conversations. And we're‚Ä¶ https://t.co/lpIf0oleor",Sun Jun 03 18:56:10 +0000 2018,0.3724,0.138,0.862,0.0,17
318,@FoxNews,President @realDonaldTrump's tariffs. #FoxNewsSunday https://t.co/3VOpeAr4uq,Sun Jun 03 18:56:00 +0000 2018,0.0,0.0,1.0,0.0,18
319,@FoxNews,".@larry_kudlow on tariffs: ""if you don't have a level playing field, you can't operate free trade."" #FoxNewsSunday‚Ä¶ https://t.co/AKp6N4lKH0",Sun Jun 03 18:53:12 +0000 2018,-0.5096,0.0,0.777,0.223,19
320,@FoxNews,.@newtgingrich: We're Closer to a 'Red Wave' Than a 'Blue Wave' in November https://t.co/LrJ2rP94jo,Sun Jun 03 18:51:11 +0000 2018,0.0,0.0,1.0,0.0,20
321,@FoxNews,".@larry_kudlow on tariffs: ""The World Trade Organization, which sets these rules, has been totally ineffectual. It‚Ä¶ https://t.co/4J0aWxCQp3",Sun Jun 03 18:50:08 +0000 2018,-0.3597,0.0,0.865,0.135,21
322,@FoxNews,".@larry_kudlow on tariff retaliation threats: ""This is a trade dispute, if you will. It can be solved if people wor‚Ä¶ https://t.co/3PpUplTxAM",Sun Jun 03 18:49:02 +0000 2018,-0.5267,0.085,0.691,0.224,22
323,@FoxNews,".@larry_kudlow on tariffs: ""[@POTUS] has declared our steel industry a national security matter and he hopes throug‚Ä¶ https://t.co/AcOaSsJIL5",Sun Jun 03 18:46:52 +0000 2018,0.6486,0.31,0.69,0.0,23
324,@FoxNews,"@larry_kudlow on NK summit: ""Now, as we head into the negotiations, I think the president is being very realistic a‚Ä¶ https://t.co/KuXXjYC7bW",Sun Jun 03 18:44:21 +0000 2018,0.0,0.0,1.0,0.0,24
325,@FoxNews,"After Roseanne's racist tweet, Obama ally Valerie Jarrett starts wooing voters https://t.co/NWJbG0Oaax",Sun Jun 03 18:43:34 +0000 2018,-0.6124,0.0,0.733,0.267,25
326,@FoxNews,MONDAY: @PressSec Sarah Sanders and @MarkLevinShow join @SeanHannity at 9p ET. Tune in! #Hannity https://t.co/rHd4sahcys,Sun Jun 03 18:39:00 +0000 2018,0.3595,0.151,0.849,0.0,26
327,@FoxNews,".@larry_kudlow on NK summit: ""The key point is that we're sitting down. And the second key point is that the presid‚Ä¶ https://t.co/AyXMO2idNl",Sun Jun 03 18:36:21 +0000 2018,0.0,0.0,1.0,0.0,27
328,@FoxNews,"On ""Sunday Morning Futures,"" Rep. @DevinNunes, a Republican from California, weighed on in Google, which came under‚Ä¶ https://t.co/xx73c5i32z",Sun Jun 03 18:34:38 +0000 2018,0.0,0.0,1.0,0.0,28
329,@FoxNews,Dog found dead in crate during Delta Air Lines layover for cross-country flight https://t.co/a3noVwIITC,Sun Jun 03 18:30:30 +0000 2018,-0.6486,0.0,0.751,0.249,29
330,@FoxNews,".@CLewandowski_ on @POTUS' pardons: ""Under the Constitution, he has the legal authority to pardon anybody. That's a‚Ä¶ https://t.co/vIIhFd7asa",Sun Jun 03 18:29:17 +0000 2018,0.6486,0.343,0.657,0.0,30
331,@FoxNews,".@CLewandowski_: ""[President @realDonaldTrump] clearly respects the rule of law in the country. There's no question‚Ä¶ https://t.co/xR7ef4FAKJ",Sun Jun 03 18:26:51 +0000 2018,0.4215,0.248,0.644,0.109,31
332,@FoxNews,".@CLewandowski_: ""@POTUS has offered to sit down with the Mueller investigators but he has said...they want to unde‚Ä¶ https://t.co/l6KMXxyPmZ",Sun Jun 03 18:25:31 +0000 2018,0.1154,0.075,0.925,0.0,32
333,@FoxNews,"‚ÄòDespair and Hope in America: Fox News Investigates‚Äô ‚Äì Don't miss part one of this special series on ‚ÄòFox Report,‚Äô‚Ä¶ https://t.co/mcfNj4pofE",Sun Jun 03 18:23:00 +0000 2018,0.7557,0.305,0.695,0.0,33
334,@FoxNews,Idaho teacher accused of feeding live puppy to turtle faces charge https://t.co/EpND6hOisM,Sun Jun 03 18:07:29 +0000 2018,-0.296,0.0,0.833,0.167,34
335,@FoxNews,"Robert Mueller needs to 'man up,' avoid pulling 'another Comey' as Russia probe wraps up, Giuliani says https://t.co/fpgGFOr8hv",Sun Jun 03 17:55:17 +0000 2018,-0.296,0.0,0.885,0.115,35
336,@FoxNews,".@RealCandaceO: ""You see so many students that are speaking out saying that their professors are upset with them fo‚Ä¶ https://t.co/hiZ0QV4gSH",Sun Jun 03 17:42:24 +0000 2018,-0.3818,0.0,0.88,0.12,36
337,@FoxNews,"""Last month, 200,000 more black Americans had jobs than they had the month before. Absolutely remarkable.""

On‚Ä¶ https://t.co/JbmpugFzFB",Sun Jun 03 17:32:00 +0000 2018,0.0,0.0,1.0,0.0,37
338,@FoxNews,".@Scaramucci: ""What hasn't been mentioned all week is that President Clinton also pardoned his brother Roger Clinto‚Ä¶ https://t.co/NwjQAq0hCW",Sun Jun 03 17:28:37 +0000 2018,0.2263,0.101,0.899,0.0,38
339,@FoxNews,Georgia cop fired after hitting suspect fleeing on foot with his patrol car https://t.co/xUjCCiJr38,Sun Jun 03 17:26:40 +0000 2018,-0.7003,0.0,0.674,0.326,39
340,@FoxNews,".@KellyannePolls: ""One eighth of our U.S. Circuit Court now includes a Trump judge."" https://t.co/QApBQwuHG8",Sun Jun 03 17:15:46 +0000 2018,0.0,0.0,1.0,0.0,40
341,@FoxNews,".@Peggynoonannyc: America‚Äôs lost faith in itself. We can bring it back
https://t.co/OKrBq90KYc",Sun Jun 03 17:09:44 +0000 2018,0.128,0.185,0.662,0.152,41
342,@FoxNews,"Woman, childhood best friend are revealed to be half-siblings https://t.co/WHVft0PrH0",Sun Jun 03 17:06:16 +0000 2018,0.8126,0.481,0.519,0.0,42
343,@FoxNews,"TONIGHT: A brand new ""Life, Liberty, and Levin"" with @marklevinshow - Tune in at 10p ET on Fox News Channel! https://t.co/KcIyJeV36Z",Sun Jun 03 17:01:00 +0000 2018,0.5707,0.17,0.83,0.0,43
344,@FoxNews,".@cvpayne: ""Last month, 76,000 blacks entered the labor force. The unemployment rate for black Americans went to an‚Ä¶ https://t.co/0o5Fp0Ke7T",Sun Jun 03 16:49:20 +0000 2018,-0.4404,0.0,0.861,0.139,44
345,@FoxNews,"On @NextRevFNC, @SteveHiltonx investigates Gov. Jerry Brown's policies and their effect on California. Tune in toni‚Ä¶ https://t.co/P2SpGanG8M",Sun Jun 03 16:41:00 +0000 2018,0.0,0.0,1.0,0.0,45
346,@FoxNews,".@SpeakerBoehner: ""There is no Republican Party. There's a Trump Party. The Republican Party is kind of taking a na‚Ä¶ https://t.co/fr6L4MPCmb",Sun Jun 03 16:32:00 +0000 2018,0.7096,0.333,0.576,0.091,46
347,@FoxNews,"'Builder to the stars,' his wife among 4 feared dead after plane crashes off New York coast https://t.co/ZoreukG5Yn",Sun Jun 03 16:30:25 +0000 2018,-0.8176,0.0,0.667,0.333,47
348,@FoxNews,"On ""Sunday Morning Futures,"" @WhiteHouse Trade Policy Director Peter Navarro praised President @realDonaldTrump's e‚Ä¶ https://t.co/H2hR2LtS9D",Sun Jun 03 16:19:37 +0000 2018,0.4939,0.186,0.814,0.0,48
349,@FoxNews,".@NancyPelosi hits bonuses, tax benefits as ""crumbs."" https://t.co/zNcp4a2nBn",Sun Jun 03 16:14:02 +0000 2018,0.7351,0.508,0.492,0.0,49
350,@FoxNews,"The team you trust. The network you love.

Watch 'Hannity,' weeknights at 9p ET on Fox News Channel. https://t.co/7tl5PucYOi",Sun Jun 03 16:07:00 +0000 2018,0.8176,0.306,0.694,0.0,50
351,@FoxNews,".@newtgingrich: ""Menendez in NJ is in trouble because of his scandals. I think we're very likely to pick up Florida‚Ä¶ https://t.co/BABYpgEew5",Sun Jun 03 15:54:00 +0000 2018,-0.7096,0.0,0.753,0.247,51
352,@FoxNews,".@GovMikeHuckabee: ""All we need to do is take [@NancyPelosi's] words, put it on television, and play it over and ov‚Ä¶ https://t.co/ifefT3tVsb",Sun Jun 03 15:46:00 +0000 2018,0.34,0.107,0.893,0.0,52
353,@FoxNews,"TONIGHT: 'Legends &amp; Lies' Returns With a Riveting Look at John Wilkes Booth - Hosted by Brian @Kilmeade, it all beg‚Ä¶ https://t.co/1WcXoiI59q",Sun Jun 03 15:45:00 +0000 2018,-0.4215,0.0,0.872,0.128,53
354,@FoxNews,Indiana police officers support daughter of fallen trooper at graduation more than 10 years after his death https://t.co/8330yRYoPf,Sun Jun 03 15:42:57 +0000 2018,-0.5719,0.112,0.622,0.266,54
355,@FoxNews,".@emilyjashinsky: ""What I cannot wrap my head around is the fact that [@JoyAnnReid] pretty much clearly fabricated‚Ä¶ https://t.co/4B96m11fFn",Sun Jun 03 15:41:15 +0000 2018,0.7096,0.282,0.718,0.0,55
356,@FoxNews,".@Richardafowler: ""I don't think you can conflate the two cases."" #MediaBuzz https://t.co/ENEkW7Slpw",Sun Jun 03 15:37:46 +0000 2018,0.0,0.0,1.0,0.0,56
357,@FoxNews,"'Comey and the boys' shouldn't have hidden probe of Paul Manafort during campaign, Trump says‚Ä¶ https://t.co/0TzMdV3bDj",Sun Jun 03 15:35:50 +0000 2018,0.0,0.0,1.0,0.0,57
358,@FoxNews,FBI agent accidentally fires gun while dancing at a Denver nightclub https://t.co/cHhoRe5nTe,Sun Jun 03 15:34:33 +0000 2018,-0.5859,0.0,0.652,0.348,58
359,@FoxNews,".@KatiePavlich: ""The mainstream media, let's not forget, propped @realDonaldTrump during the primary and as soon as‚Ä¶ https://t.co/X4qik1e0HT",Sun Jun 03 15:26:41 +0000 2018,0.1695,0.094,0.906,0.0,59
360,@FoxNews,"‚ÄòDespair and Hope in America: Fox News Investigates‚Äô ‚Äì Don't miss part one of this special series on ‚ÄòFox Report,‚Äô‚Ä¶ https://t.co/bkkUmS8qdB",Sun Jun 03 15:18:12 +0000 2018,0.7557,0.305,0.695,0.0,60
361,@FoxNews,".@newtgingrich on June 12th summit: ""I could imagine at breakfast that morning the whole thing blowing up.""‚Ä¶ https://t.co/vki4UTX7HO",Sun Jun 03 15:16:00 +0000 2018,0.0,0.0,1.0,0.0,61
362,@FoxNews,"Tennessee man shoots, kills would-be burglars at his home, police say https://t.co/fcJPfYXe8z",Sun Jun 03 15:09:50 +0000 2018,-0.5423,0.0,0.759,0.241,62
363,@FoxNews,".@newtgingrich on @Google: ""If in fact this is used as a engine of left-wing propaganda, people are going to demand‚Ä¶ https://t.co/MXTHAKyKbc",Sun Jun 03 15:05:00 +0000 2018,-0.25,0.0,0.905,0.095,63
364,@FoxNews,".@newtgingrich: ""I would predict today we're closer to a red wave than a #bluewave in terms of the fall campaign.""‚Ä¶ https://t.co/QSTcufMcHj",Sun Jun 03 14:57:00 +0000 2018,0.0,0.0,1.0,0.0,64
365,@FoxNews,"Kilauea one-month anniversary has residents on edge, seeking mental help https://t.co/1cvCyqmmu3",Sun Jun 03 14:54:51 +0000 2018,0.4019,0.213,0.787,0.0,65
366,@FoxNews,".@DevinNunes: ""There is bias against conservatives and Republicans all across this country."" #SundayFutures‚Ä¶ https://t.co/mBalRCLEzu",Sun Jun 03 14:49:05 +0000 2018,-0.1027,0.0,0.903,0.097,66
367,@FoxNews,".@DevinNunes: ""All the members of my committee don't believe that the counter-intelligence capabilities should be u‚Ä¶ https://t.co/mx4Dh4RjMB",Sun Jun 03 14:39:34 +0000 2018,0.0,0.0,1.0,0.0,67
368,@FoxNews,".@DevinNunes: ""A lot of the Clinton email investigation team are the same people that are involved with the scandal‚Ä¶ https://t.co/AyDJLKvNv8",Sun Jun 03 14:38:03 +0000 2018,0.0,0.0,1.0,0.0,68
369,@FoxNews,MONDAY: @PressSec Sarah Sanders and @MarkLevinShow join @SeanHannity at 9p ET. Tune in! #Hannity https://t.co/e2K2oorH6C,Sun Jun 03 14:38:00 +0000 2018,0.3595,0.151,0.849,0.0,69
370,@FoxNews,".@DevinNunes: ""Almost a year now, we've been waiting for documents from the Deputy Attorney General.""‚Ä¶ https://t.co/xjKbTE6bv6",Sun Jun 03 14:35:00 +0000 2018,0.0,0.0,1.0,0.0,70
371,@FoxNews,LaVar Ball to NFL Protesters: Stand for the National Anthem or 'Get Out' https://t.co/r7EqTV12t1,Sun Jun 03 14:29:31 +0000 2018,-0.2263,0.0,0.872,0.128,71
372,@FoxNews,"Peter Navarro: ""Either we're going to get a deal for the American people that basically reduces the trade deficit w‚Ä¶ https://t.co/6ac5a2OxgH",Sun Jun 03 14:29:00 +0000 2018,-0.4019,0.0,0.876,0.124,72
373,@FoxNews,"Peter Navarro: ""No president has fought the war on poverty better than Donald J. Trump."" #SundayFutures‚Ä¶ https://t.co/baf6SdZnrl",Sun Jun 03 14:23:00 +0000 2018,-0.8316,0.109,0.451,0.44,73
374,@FoxNews,"Peter Navarro: ""They take our technology, Maria. Everybody knows they steal it."" #SundayFutures @MariaBartiromo https://t.co/CkWmvSgS02",Sun Jun 03 14:19:38 +0000 2018,-0.4939,0.0,0.814,0.186,74
375,@FoxNews,"Peter Navarro: ""This economy is so strong that nobody should be worried about any of the spin that anybody's saying‚Ä¶ https://t.co/nHfir9n7NM",Sun Jun 03 14:15:02 +0000 2018,0.4663,0.167,0.747,0.086,75
376,@FoxNews,"TODAY on @FoxNewsSunday, @larry_kudlow joins Chris Wallace for an interview. Tune in at 2p and 7p ET on Fox News Ch‚Ä¶ https://t.co/sxOnAYt2oT",Sun Jun 03 14:12:00 +0000 2018,0.0,0.0,1.0,0.0,76
377,@FoxNews,"Peter Navarro: ""No president has fought the war on poverty better than Donald J. Trump."" https://t.co/nApTMxMGgw",Sun Jun 03 14:06:54 +0000 2018,-0.8316,0.113,0.43,0.457,77
378,@FoxNews,"Peter Navarro: ""All @POTUS is doing is defending this country's national security, sovereignty, and economic securi‚Ä¶ https://t.co/I31Onfj3TM",Sun Jun 03 14:06:13 +0000 2018,0.34,0.13,0.87,0.0,78
379,@FoxNews,"Peter Navarro: ""As @POTUS has said, we need aluminum and steel industries if we're going to have a country.""‚Ä¶ https://t.co/sHq3tXnp4z",Sun Jun 03 14:04:28 +0000 2018,0.0,0.0,1.0,0.0,79
380,@FoxNews,"Peter Navarro: ""What we have here is President Donald J. Trump taking an action that he promised on the campaign tr‚Ä¶ https://t.co/KWQUibW8bj",Sun Jun 03 14:03:48 +0000 2018,0.3612,0.106,0.894,0.0,80
381,@FoxNews,".@JonHuntsman: ""Every foreign policy pundit and analyst who would've been asked a few years ago never would've pred‚Ä¶ https://t.co/2nZygrcIGV",Sun Jun 03 14:01:40 +0000 2018,0.0,0.0,1.0,0.0,81
382,@FoxNews,".@JonHuntsman: ""@POTUS has stated before that he would like to get together with President Putin at some point and‚Ä¶ https://t.co/yXkYAC58fu",Sun Jun 03 13:57:57 +0000 2018,0.3612,0.116,0.884,0.0,82
383,@FoxNews,".@MariaBartiromo: ""We're talking about almost 5% economic growth - there is NOTHING that @NancyPelosi just said tha‚Ä¶ https://t.co/0LxjVyCAxb",Sun Jun 03 13:54:51 +0000 2018,0.3262,0.127,0.873,0.0,83
384,@FoxNews,"Moments ago, President @realDonaldTrump slammed the @FBI and the ""Department of 'Justice.'"" https://t.co/TiheJnwmmG",Sun Jun 03 13:51:50 +0000 2018,0.0,0.0,1.0,0.0,84
385,@FoxNews,"Arizona slaying may be 4th in string including JonBenet Ramsey case doc, police say https://t.co/o4aBT1GI3s",Sun Jun 03 13:51:32 +0000 2018,0.0,0.0,1.0,0.0,85
386,@FoxNews,.@CLewandowski_ says Trump legal team 'will take it to court' if Mueller subpoenas president https://t.co/xc7lPkMwUv,Sun Jun 03 13:46:16 +0000 2018,0.128,0.097,0.903,0.0,86
387,@FoxNews,9-Year-Old Boy With Muscular Dystrophy Hugs Trump at Bill Signing https://t.co/teX8R4LT4p,Sun Jun 03 13:32:33 +0000 2018,0.4939,0.242,0.758,0.0,87
388,@FoxNews,"New US tariffs would make trade deals void, China says https://t.co/8Dj0lqkTAz",Sun Jun 03 13:10:43 +0000 2018,0.0,0.0,1.0,0.0,88
389,@FoxNews,Dan Helmer: ‚ÄúThe gravest threat to our democracy today is a president who doesn‚Äôt take the oath to defend the Const‚Ä¶ https://t.co/Npb6edpSmK,Sun Jun 03 12:40:52 +0000 2018,-0.6908,0.0,0.769,0.231,89
390,@FoxNews,.@Reince: ‚ÄúThere‚Äôs a reluctancy to just admit the fact that under President Trump we have had an incredible amount‚Ä¶ https://t.co/7xHbicNK4w,Sun Jun 03 12:32:51 +0000 2018,-0.2023,0.084,0.794,0.121,90
391,@FoxNews,.@Reince: ‚ÄúIf the Republican party becomes the permanent party of the American worker we will never lose a national‚Ä¶ https://t.co/eSvRLXq3E1,Sun Jun 03 12:29:37 +0000 2018,0.7689,0.324,0.676,0.0,91
392,@FoxNews,UK remembers London Bridge attack victims on 1st anniversary https://t.co/zU4nrNgyTO,Sun Jun 03 12:13:16 +0000 2018,-0.6597,0.0,0.597,0.403,92
393,@FoxNews,"Obama was shell-shocked by Trump win, asked 'What if we were wrong?,' new book says https://t.co/my3QnkIV2O",Sun Jun 03 12:08:04 +0000 2018,0.5859,0.202,0.798,0.0,93
394,@FoxNews,"Syrian President Bashar al-Assad to visit Kim Jong Un in North Korea, state media says https://t.co/eti43uwdpW",Sun Jun 03 11:58:32 +0000 2018,0.0,0.0,1.0,0.0,94
395,@FoxNews,.@CLewandowski_: ‚ÄúIf you think of what this president has been able to achieve in 2018‚Ä¶ What more can the American‚Ä¶ https://t.co/Gnsk0S88zZ,Sun Jun 03 11:49:05 +0000 2018,0.0,0.0,1.0,0.0,95
396,@FoxNews,Michael Loftus on late-night hosts: ‚ÄúThese guys have forgotten that their job is to make people laugh‚Ä¶ they‚Äôre just‚Ä¶ https://t.co/pMJqS9IxS8,Sun Jun 03 11:45:30 +0000 2018,-0.2263,0.0,0.909,0.091,96
397,@FoxNews,Maryland officer who helped deliver teen 18 years ago surprises him at high school graduation‚Ä¶ https://t.co/ty7kFNyDTd,Sun Jun 03 11:36:14 +0000 2018,0.2263,0.112,0.888,0.0,97
398,@FoxNews,.@cvpayne: ‚ÄúLast month for black Americans was absolutely amazing‚Ä¶ The unemployment rate for black Americans went t‚Ä¶ https://t.co/o0cOrKcNER,Sun Jun 03 11:22:53 +0000 2018,-0.4877,0.0,0.843,0.157,98
399,@FoxNews,China warns Washington over tariffs https://t.co/PuWfKaVbvj,Sun Jun 03 11:12:42 +0000 2018,-0.1027,0.0,0.781,0.219,99
400,@nytimes,The top candidates for California governor grapple with the popularity of Jerry Brown and their own indiscretions a‚Ä¶ https://t.co/QXlrM8epcL,Sun Jun 03 11:00:05 +0000 2018,0.5994,0.224,0.776,0.0,0
401,@nytimes,Saudi Arabia Names New Ministers Close to Powerful Crown Prince https://t.co/E1QekZjpCE,Sun Jun 03 10:52:43 +0000 2018,0.4215,0.219,0.781,0.0,1
402,@nytimes,Encounters: This Harry Potter Uses a Bow and Arrow. Not a Wand. https://t.co/2KLyUDzJKw,Sun Jun 03 10:38:30 +0000 2018,0.0,0.0,1.0,0.0,2
403,@nytimes,"Sunday Routine: How Angela Goding, of MoMA PS1, Spends Her Sundays https://t.co/BDaXC9Lkdr",Sun Jun 03 10:36:15 +0000 2018,0.0,0.0,1.0,0.0,3
404,@nytimes,Will a Canadian version of Donald Trump become leader of the country's most important province? https://t.co/i1gLYTDIsg,Sun Jun 03 10:30:08 +0000 2018,0.2716,0.13,0.87,0.0,4
405,@nytimes,"Pedro Markun once thought hacking Brazil‚Äôs political system was the best way to change it. Now, he wants to do more‚Ä¶ https://t.co/DIb3KpEtxn",Sun Jun 03 10:00:16 +0000 2018,0.6369,0.167,0.833,0.0,5
406,@nytimes,"The author Malcolm Gladwell: ""I would release 95% of prisoners if I had the chance"" https://t.co/eSrFSbsoHc",Sun Jun 03 09:33:36 +0000 2018,-0.3182,0.109,0.71,0.18,6
407,@nytimes,The work culture for families has been stubbornly slow to change in Washington. Meet the federal regulator who brin‚Ä¶ https://t.co/ln0ZRVntC8,Sun Jun 03 09:16:43 +0000 2018,-0.34,0.0,0.888,0.112,7
408,@nytimes,The gear you‚Äôll need to survive in the wilderness. (Or your backyard.) https://t.co/AUQEtB08Im,Sun Jun 03 09:00:18 +0000 2018,0.0,0.0,1.0,0.0,8
409,@nytimes,"Trilobites: Ladybugs, Aphids and the Toxic Combat That Might Be Happening in Your Garden https://t.co/OFiK5yf0JQ",Sun Jun 03 08:42:13 +0000 2018,-0.34,0.0,0.854,0.146,9
410,@nytimes,"An R-rated movie with Melissa McCarthy and a cast of puppets can use the tagline ""No Sesame. All Street."" For now.  https://t.co/bVG1KqEG1y",Sun Jun 03 08:27:09 +0000 2018,-0.296,0.0,0.901,0.099,10
411,@nytimes,"In this environment, free of goals, free of the promise of a new challenge, you become a true human animal https://t.co/wU2D3oLMi8",Sun Jun 03 08:10:35 +0000 2018,0.9001,0.481,0.519,0.0,11
412,@nytimes,"The good, the bad and the ugly of college admissions in the U.S.: college-bound high school seniors tell all https://t.co/Jt7aEuI9Jm",Sun Jun 03 07:53:31 +0000 2018,-0.5994,0.109,0.637,0.255,12
413,@nytimes,A reader who always wondered how her father survived the Holocaust found the answer in one of our obituaries. ‚ÄúI ha‚Ä¶ https://t.co/jdOwtN3UPV,Sun Jun 03 07:36:56 +0000 2018,0.5106,0.142,0.858,0.0,13
414,@nytimes,"""What is the responsibility of a sibling for a sibling?"" https://t.co/yi7RoKC4a5",Sun Jun 03 07:20:12 +0000 2018,0.0,0.0,1.0,0.0,14
415,@nytimes,"Egalitarian and sincere, Norway‚Äôs version of New Nordic cooking is frisky, witty and unpretentious https://t.co/qxsp1OZtaH",Sun Jun 03 07:03:22 +0000 2018,0.5719,0.266,0.734,0.0,15
416,@nytimes,"Jonathan Kasdan on the romantic comedy that provided entree to ""Raiders,"" the highs and lows of his ""Star Wars"" wor‚Ä¶ https://t.co/az9BXVlhSV",Sun Jun 03 06:46:33 +0000 2018,-0.0516,0.188,0.616,0.196,16
417,@nytimes,"Summer, once the dumping ground of television, is now the season with a little something for everyone https://t.co/zah4CJYrIz",Sun Jun 03 06:29:54 +0000 2018,-0.3182,0.0,0.874,0.126,17
418,@nytimes,"Bill Clinton: ""I wanted to become a politician because I was fascinated by people, policy and politics. I read book‚Ä¶ https://t.co/FibiADvaTo",Sun Jun 03 06:13:24 +0000 2018,0.4767,0.154,0.846,0.0,18
419,@nytimes,Louder background music makes people choose less healthful foods https://t.co/8OBxjOMHUm,Sun Jun 03 05:55:23 +0000 2018,0.0,0.0,1.0,0.0,19
420,@nytimes,"A photographer's 3-decade exploration of Hanoi, Vietnam, charts the city‚Äôs architectural, cultural and economic evo‚Ä¶ https://t.co/Svhe9pIiFh",Sun Jun 03 05:38:31 +0000 2018,0.2263,0.119,0.881,0.0,20
421,@nytimes,"In @NYTOpinion 

Op-Ed Contributor Margaret Renkl writes, ""I don't know what these legislators are thinking. Maybe‚Ä¶ https://t.co/4lTN9bSdvG",Sun Jun 03 05:21:26 +0000 2018,0.0,0.0,1.0,0.0,21
422,@nytimes,"""I want my son to feel the immediate ease I do when I walk into a room full of Southern voices, but I don‚Äôt want ot‚Ä¶ https://t.co/nYdLWa8F2z",Sun Jun 03 05:03:44 +0000 2018,0.3291,0.179,0.821,0.0,22
423,@nytimes,"Young adults are not only marrying and having children later in life than previous generations, but taking more tim‚Ä¶ https://t.co/qeTRTtsRfg",Sun Jun 03 04:45:28 +0000 2018,0.0,0.0,1.0,0.0,23
424,@nytimes,"""The thought of either of my 2 sons harassing or assaulting another person, or being victims themselves, is enough‚Ä¶ https://t.co/jD5QFTmW10",Sun Jun 03 04:27:35 +0000 2018,-0.8442,0.0,0.637,0.363,24
425,@nytimes,"While Berlin certainly features a fair number of luxury options, it hasn‚Äôt lost its populist edge https://t.co/yfH4SdbwHo",Sun Jun 03 04:11:02 +0000 2018,0.4019,0.296,0.591,0.113,25
426,@nytimes,Trump to Hold Ramadan Dinner After Skipping It Last Year https://t.co/tlcCEPZe1i,Sun Jun 03 03:53:52 +0000 2018,0.0,0.0,1.0,0.0,26
427,@nytimes,The Ethicist columnist on whether you should inform people if you're carrying an illegal medical drug https://t.co/y0xlqyCaBj,Sun Jun 03 03:49:19 +0000 2018,-0.5574,0.0,0.816,0.184,27
428,@nytimes,A luxurious summer risotto https://t.co/zDkMqBCg5q https://t.co/BllSx4GKxY,Sun Jun 03 03:31:24 +0000 2018,0.0,0.0,1.0,0.0,28
429,@nytimes,An ideal vehicle for the ripest strawberries at the height of the season https://t.co/fgar5lOIQT https://t.co/09IxVHN3Ma,Sun Jun 03 03:12:46 +0000 2018,0.5267,0.195,0.805,0.0,29
430,@nytimes,How to deal with those annoying group messages without silencing everything else on your phone https://t.co/s10FyJ6PqL,Sun Jun 03 02:56:32 +0000 2018,-0.3248,0.076,0.775,0.149,30
431,@nytimes,"5 destinations that may not meet your expectations, and one that may exceed them https://t.co/8y3TK5Uoyc",Sun Jun 03 02:38:31 +0000 2018,0.0,0.0,1.0,0.0,31
432,@nytimes,"Irving Sandler, Art Historian Who Was Close to Artists, Dies at 92 https://t.co/jjRpnVW31v",Sun Jun 03 02:21:07 +0000 2018,0.0,0.0,1.0,0.0,32
433,@nytimes,"Hollywood may be a business reluctant to give women second chances, but Alicia Silverstone, suddenly seems to be ev‚Ä¶ https://t.co/FrIRXW8ORA",Sun Jun 03 02:08:57 +0000 2018,-0.0258,0.07,0.854,0.075,33
434,@nytimes,"These TV shows are workplace comedies with the workplace redistributed to the home, rom-coms where the romance is m‚Ä¶ https://t.co/XEKy5Mwwkl",Sun Jun 03 01:52:31 +0000 2018,0.743,0.259,0.741,0.0,34
435,@nytimes,Why Are the Death Tolls in Puerto Rico From Hurricane Maria So Different? https://t.co/exVMsmOUPV,Sun Jun 03 01:33:31 +0000 2018,-0.5994,0.0,0.769,0.231,35
436,@nytimes,"Should chimps in ill health be moved at all, or stay where they are, retiring in place? https://t.co/LyZdvkDlRF",Sun Jun 03 01:19:56 +0000 2018,-0.4215,0.0,0.859,0.141,36
437,@nytimes,De Blasio Proposes Changes to New York‚Äôs Elite High Schools https://t.co/nzmnsO3VPn,Sun Jun 03 01:03:17 +0000 2018,0.0,0.0,1.0,0.0,37
438,@nytimes,The secret to finding the money and time for home improvements is simple: Renovate one room at a time https://t.co/SzWj2Uir4E,Sun Jun 03 00:56:15 +0000 2018,0.3182,0.113,0.887,0.0,38
439,@nytimes,Mahan Esfahani is a musician on a mission https://t.co/gvwtW0mqzP,Sun Jun 03 00:39:55 +0000 2018,0.0,0.0,1.0,0.0,39
440,@nytimes,"In the #MeToo Era, Raising Boys to Be Good Guys https://t.co/jcHhEXvHzh",Sun Jun 03 00:20:46 +0000 2018,0.4404,0.225,0.775,0.0,40
441,@nytimes,A guilty pleasure for many children of the '90s: A personal pan pizza from Pizza Hut. What corporate delivery pie d‚Ä¶ https://t.co/71IyiS7PJV,Sun Jun 03 00:11:48 +0000 2018,0.2263,0.151,0.735,0.114,41
442,@nytimes,Why should a meal on our own be uninspired or scarfed down as if consumed on the shoulder of an interstate highway? https://t.co/TvRBfKZRxd,Sat Jun 02 23:53:16 +0000 2018,0.0,0.0,1.0,0.0,42
443,@nytimes,There are a few low-tech tricks that can make switching time zones and taking long haul flights a little easier https://t.co/A5dptlHBbx,Sat Jun 02 23:36:35 +0000 2018,0.2516,0.119,0.809,0.071,43
444,@nytimes,Deaths of 2 Paralegals Linked to Killing of High-Profile Forensic Psychiatrist https://t.co/BRKPQpzEEZ,Sat Jun 02 23:20:06 +0000 2018,-0.6597,0.0,0.694,0.306,44
445,@nytimes,"Few people interested in fitness are unfamiliar with the concept of high-intensity interval training, or HIIT. But‚Ä¶ https://t.co/RBD3pK8wGE",Sat Jun 02 23:09:18 +0000 2018,0.5859,0.231,0.769,0.0,45
446,@nytimes,"""Everything they do is weird."" How Antarctic sea spiders get oxygen. https://t.co/BDKjQFg7VY",Sat Jun 02 22:51:34 +0000 2018,0.0,0.0,1.0,0.0,46
447,@nytimes,"Gay in India, Where Progress Has Come Only With Risk https://t.co/5aFoDQp4km",Sat Jun 02 22:35:08 +0000 2018,0.1779,0.201,0.647,0.151,47
448,@nytimes,Nonfiction: Wisdom Dispensed With Slaps and Puns: A Sprightly History of Advice-Giving https://t.co/XseyTiQi09,Sat Jun 02 22:32:47 +0000 2018,0.7506,0.39,0.61,0.0,48
449,@nytimes,"For those of us who did not grow up digging in the dirt, but want to give it a try, the prospect can be intimidating https://t.co/1WX1fOVOV3",Sat Jun 02 22:27:23 +0000 2018,-0.3182,0.138,0.682,0.18,49
450,@nytimes,"White Bolognese, a meat sauce made without tomato, is a variation you rarely see in America https://t.co/4nqGyFb0BK https://t.co/f5gu7o8NRL",Sat Jun 02 22:10:06 +0000 2018,0.0,0.0,1.0,0.0,50
451,@nytimes,"RT @maggieNYT: Trump‚Äôs lawyers argue that Mueller doesn‚Äôt need to interview him because they have all the information they need, including‚Ä¶",Sat Jun 02 21:51:41 +0000 2018,-0.34,0.0,0.893,0.107,51
452,@nytimes,A video of South African schoolgirls doing a seminude traditional performance has spread widely on social media. Th‚Ä¶ https://t.co/MFgYNt1d7b,Sat Jun 02 21:45:04 +0000 2018,0.0,0.0,1.0,0.0,52
453,@nytimes,"3 pastors in the heavily evangelical Central Valley of California sat down with us to talk about race, President Tr‚Ä¶ https://t.co/JsusdKBnzz",Sat Jun 02 21:30:10 +0000 2018,0.0,0.0,1.0,0.0,53
454,@nytimes,That thing Samantha Bee said about Ivanka Trump. You know. That thing. Some of us at The New York Times share our t‚Ä¶ https://t.co/Ep18rEtRwj,Sat Jun 02 21:15:09 +0000 2018,0.296,0.087,0.913,0.0,54
455,@nytimes,Writers like Ada Calhoun and Michael Lewis are part of a growing group of A-list authors bypassing print and releas‚Ä¶ https://t.co/5kWExd9D81,Sat Jun 02 21:00:07 +0000 2018,0.4939,0.189,0.811,0.0,55
456,@nytimes,"RT @karaszpalko: ‚Äú‚ÄòThis is just music,‚Äô people will say. But I think it has a terrible effect,‚Äù said Cressida Dick, police commissioner for‚Ä¶",Sat Jun 02 20:45:05 +0000 2018,-0.7506,0.0,0.748,0.252,56
457,@nytimes,"‚ÄúThe social change is not reversible in Iran, because the traditions have changed; the way people interact and rela‚Ä¶ https://t.co/4CsAXqa1D3",Sat Jun 02 20:30:08 +0000 2018,0.0,0.0,1.0,0.0,57
458,@nytimes,"Senate Republicans have new optimism about the midterm elections, with some even expecting to increase their slim m‚Ä¶ https://t.co/zMbhBIEVSi",Sat Jun 02 20:15:05 +0000 2018,0.7003,0.254,0.746,0.0,58
459,@nytimes,"In @NYTOpinion 

Mawaan Rizwan writes, ""When I was a boy, I witnessed my mother make the impossible possible in our‚Ä¶ https://t.co/ZtwCziFePs",Sat Jun 02 20:00:07 +0000 2018,0.0,0.0,1.0,0.0,59
460,@nytimes,"Daniel Beckwitt was afraid of North Korea, his lawyer said, so he hired a man to dig tunnels for a bunker under his‚Ä¶ https://t.co/0npbi5oiLj",Sat Jun 02 19:45:07 +0000 2018,0.0,0.0,1.0,0.0,60
461,@nytimes,"RT @nytimesworld: Riot police used tear gas to break up opposition supporters who had planned to march through Mali‚Äôs capital Bamako, calli‚Ä¶",Sat Jun 02 19:30:12 +0000 2018,-0.1779,0.109,0.755,0.136,61
462,@nytimes,Trump often points out that his predecessors left him the ‚Äúmess‚Äù of a nuclear-armed North Korea ‚Äî errors he vows no‚Ä¶ https://t.co/xMGTrFARJC,Sat Jun 02 19:20:05 +0000 2018,-0.34,0.0,0.888,0.112,62
463,@nytimes,"Millionaire‚Äôs shortbread is a flashy cookie, topped with swoops of chocolate and chewy caramel‚Ä¶ https://t.co/92QBaZsqIP",Sat Jun 02 19:05:04 +0000 2018,0.0,0.0,1.0,0.0,63
464,@nytimes,"RT @nytmike: Trump‚Äôs lawyers said the Constitution empowers him to, ‚Äúif he wished, terminate the inquiry, or even exercise his power to par‚Ä¶",Sat Jun 02 18:55:06 +0000 2018,0.0,0.0,1.0,0.0,64
465,@nytimes,"The full text of the confidential letter sent by Trump‚Äôs lawyers to the special counsel, Robert Mueller, annotated‚Ä¶ https://t.co/u7oc25xCyW",Sat Jun 02 18:40:04 +0000 2018,0.4019,0.13,0.87,0.0,65
466,@nytimes,"Breaking News: In a confidential memo to the special counsel, President Trump‚Äôs lawyers made broad claims of execut‚Ä¶ https://t.co/uN5qEYbm8x",Sat Jun 02 18:27:28 +0000 2018,0.4019,0.137,0.863,0.0,66
467,@nytimes,A contingent of Las Vegas residents are in line for a massive payday if the Golden Knights prevail in the best-of-7‚Ä¶ https://t.co/WEkvDi5ugg,Sat Jun 02 18:25:04 +0000 2018,0.0,0.0,1.0,0.0,67
468,@nytimes,"In @NYTOpinion 

Linden Crawford writes, ""In early 2016, I decided to get top surgery to remove my breast tissue. T‚Ä¶ https://t.co/EfPsFBnBGA",Sat Jun 02 18:10:05 +0000 2018,0.2023,0.087,0.913,0.0,68
469,@nytimes,Finding your first apartment in New York City https://t.co/pGePeqSJhh,Sat Jun 02 17:55:06 +0000 2018,0.0,0.0,1.0,0.0,69
470,@nytimes,"Unlike other women he had dated, she didn‚Äôt move on when he was out of town working as a tour manager and sound eng‚Ä¶ https://t.co/mupXm80Le3",Sat Jun 02 17:40:05 +0000 2018,0.0,0.0,1.0,0.0,70
471,@nytimes,"Vancouver real estate is so expensive that politicians want to tax it into submission, and many homeowners are OK w‚Ä¶ https://t.co/oeduhU89LS",Sat Jun 02 17:25:05 +0000 2018,0.4995,0.182,0.818,0.0,71
472,@nytimes,The UN said that it had ‚Äústrong indications‚Äù that Mexican security forces were involved in the disappearances of ne‚Ä¶ https://t.co/P7Hr6sNLAa,Sat Jun 02 17:10:07 +0000 2018,0.34,0.112,0.888,0.0,72
473,@nytimes,Vulnerable House Republicans are pushing legislation to protect young undocumented immigrants. Will it save their s‚Ä¶ https://t.co/psPbVXoXqr,Sat Jun 02 16:55:02 +0000 2018,0.5994,0.267,0.645,0.088,73
474,@nytimes,"As a volunteer emergency medical worker, Razan al-Najjar said she wanted to prove that women could play an importan‚Ä¶ https://t.co/x51HJttxsq",Sat Jun 02 16:40:07 +0000 2018,-0.0516,0.109,0.773,0.118,74
475,@nytimes,"The job market is strong, but one mystery remains: lackluster wage growth https://t.co/0BOIUZVGgb",Sat Jun 02 16:28:04 +0000 2018,0.6757,0.335,0.665,0.0,75
476,@nytimes,"Scott Pruitt, who has reversed Obama-era EPA rules, enjoys cozy ties with a coal baron who got him a superfan exper‚Ä¶ https://t.co/Knb1HMfoIO",Sat Jun 02 16:10:07 +0000 2018,0.5106,0.148,0.852,0.0,76
477,@nytimes,This past week brought 2 developments that could prove pivotal in November for Senate Republicans  https://t.co/OC9c7jvdxU,Sat Jun 02 15:55:02 +0000 2018,0.0,0.0,1.0,0.0,77
478,@nytimes,Not sure what to read over the summer? We've got you covered. https://t.co/zFoFpkRqUE,Sat Jun 02 15:40:04 +0000 2018,0.3182,0.161,0.839,0.0,78
479,@nytimes,Will a Canadian version of Donald Trump become leader of the country's most important province? https://t.co/vK63GtBR7l,Sat Jun 02 15:25:00 +0000 2018,0.2716,0.13,0.87,0.0,79
480,@nytimes,A former police officer wanted his charges dismissed under Florida‚Äôs Stand Your Ground law. A judge called his test‚Ä¶ https://t.co/SJuXoUu7dU,Sat Jun 02 15:10:09 +0000 2018,-0.2732,0.0,0.89,0.11,80
481,@nytimes,"RT @nytvideo: Razan al-Najjar, 20, was trying to help an injured protester near the border fence when she was fatally shot by Israeli soldi‚Ä¶",Sat Jun 02 14:57:04 +0000 2018,-0.6369,0.088,0.686,0.225,81
482,@nytimes,The top candidates for California governor grapple with the popularity of Jerry Brown and their own indiscretions a‚Ä¶ https://t.co/mtSQwjdhCY,Sat Jun 02 14:54:01 +0000 2018,0.5994,0.224,0.776,0.0,82
483,@nytimes,"Friends unconditionally support each other, but colleagues can‚Äôt always do that, especially when their own reputati‚Ä¶ https://t.co/JrhJBiq0WJ",Sat Jun 02 14:33:01 +0000 2018,0.4404,0.206,0.794,0.0,83
484,@nytimes,"This light, summery shrimp salad is enhanced by cayenne, paprika, garlic and a bit of lemon juice‚Ä¶ https://t.co/CaRwWo4sEg",Sat Jun 02 14:17:06 +0000 2018,0.0,0.0,1.0,0.0,84
485,@nytimes,Convergence in the Tale of Two Cities https://t.co/nD8GFnBV1z,Sat Jun 02 14:03:37 +0000 2018,0.0,0.0,1.0,0.0,85
486,@nytimes,"Modern Love: ""I sat on the bed next to him and he hugged me, kissed me, held me. Although I wasn't naked, I felt so‚Ä¶ https://t.co/h9zvgnjEuG",Sat Jun 02 14:02:09 +0000 2018,0.8591,0.311,0.689,0.0,86
487,@nytimes,"The best TV shows and movies new to Netflix, Amazon and more in June https://t.co/jvetkNo5cP",Sat Jun 02 13:42:02 +0000 2018,0.7096,0.312,0.688,0.0,87
488,@nytimes,"Accusations of brainwashing, branding and sex trafficking have shadowed Nxivm, a secretive self-help group. The Tim‚Ä¶ https://t.co/Z9fRhelzNf",Sat Jun 02 13:22:05 +0000 2018,-0.5859,0.0,0.745,0.255,88
489,@nytimes,"25 years ago, ‚ÄúAngels in America‚Äù felt like a reimagining of great American playwriting. Here are the 25 best works‚Ä¶ https://t.co/xGpC7PEHSl",Sat Jun 02 13:02:04 +0000 2018,0.8957,0.388,0.612,0.0,89
490,@nytimes,Denmark Talks (Reluctantly) About a Ban on Circumcising Boys https://t.co/XwdKHmwq4d,Sat Jun 02 13:00:27 +0000 2018,-0.5574,0.0,0.69,0.31,90
491,@nytimes,"In 2012 when Hurricane Sandy hit, a sign advertising a house for sale on the Jersey Shore disappeared. It just turn‚Ä¶ https://t.co/2q2mwZJSwY",Sat Jun 02 12:42:06 +0000 2018,-0.2263,0.0,0.909,0.091,91
492,@nytimes,It's summer. Time to read. https://t.co/iRyuPoE2B5,Sat Jun 02 12:22:07 +0000 2018,0.0,0.0,1.0,0.0,92
493,@nytimes,"An ancient Roman tomb is unearthed and to everyone‚Äôs surprise, it‚Äôs intact https://t.co/JZ7eQdcdEh",Sat Jun 02 12:02:04 +0000 2018,0.4404,0.262,0.738,0.0,93
494,@nytimes,We asked readers which health campaign they would like to see started.  Here are some of their responses. https://t.co/WXPt8794hN,Sat Jun 02 11:42:06 +0000 2018,0.3612,0.122,0.878,0.0,94
495,@nytimes,"Hungry City: At Lahi, Filipino Dishes, Classic and Idiosyncratic Alike https://t.co/BIJupGk1Xp",Sat Jun 02 11:22:08 +0000 2018,0.0,0.0,1.0,0.0,95
496,@nytimes,President Trump ordered Energy Secretary Rick Perry to ‚Äúprepare immediate steps‚Äù to stop the closure of unprofitabl‚Ä¶ https://t.co/u9ggoJC1nQ,Sat Jun 02 11:21:03 +0000 2018,-0.0258,0.103,0.788,0.108,96
497,@nytimes,"When ISIS was ousted from Mosul, we went to see what they left behind ‚Äî with the help of a Metallica-loving Mosul n‚Ä¶ https://t.co/otf132Bkzc",Sat Jun 02 11:00:18 +0000 2018,0.4019,0.114,0.886,0.0,97
498,@nytimes,52 Hours at Breakup Boot Camp https://t.co/iU3qCdsoRX,Sat Jun 02 10:58:35 +0000 2018,0.0,0.0,1.0,0.0,98
499,@nytimes,What would ISIS leave behind as their hold on Mosul crumbled? Our reporters went to find out. https://t.co/pQCosuFgsy,Sat Jun 02 10:43:16 +0000 2018,-0.0516,0.0,0.934,0.066,99
